{
  "type": "FeatureCollection",
  "features": [
    {
      "type": "Feature",
      "geometry": {
        "type": "LineString",
        "coordinates": [
          [
            33.03085904920767,
            69.04704704704704
          ],
          [
            33.07422852376981,
            69.06306306306307
          ],
          [
            33.117597998331945,
            69.07907907907908
          ],
          [
            33.16096747289408,
            69.07907907907908
          ],
          [
            33.20433694745621,
            69.07907907907908
          ],
          [
            33.24770642201835,
            69.09509509509509
          ],
          [
            33.29107589658048,
            69.09509509509509
          ],
          [
            33.33444537114262,
            69.11111111111111
          ],
          [
            33.377814845704755,
            69.12712712712712
          ],
          [
            33.42118432026689,
            69.14314314314315
          ],
          [
            33.46455379482902,
            69.15915915915916
          ],
          [
            33.507923269391156,
            69.17517517517517
          ],
          [
            33.5512927439533,
            69.1911911911912
          ],
          [
            33.5512927439533,
            69.2072072072072
          ],
          [
            33.5512927439533,
            69.22322322322323
          ],
          [
            33.5512927439533,
            69.23923923923924
          ],
          [
            33.5512927439533,
            69.25525525525525
          ],
          [
            33.5512927439533,
            69.27127127127127
          ],
          [
            33.5512927439533,
            69.28728728728728
          ],
          [
            33.5512927439533,
            69.30330330330331
          ],
          [
            33.5512927439533,
            69.31931931931932
          ],
          [
            33.59466221851543,
            69.33533533533533
          ],
          [
            33.638031693077565,
            69.33533533533533
          ],
          [
            33.6814011676397,
            69.33533533533533
          ],
          [
            33.72477064220183,
            69.35135135135135
          ],
          [
            33.76814011676397,
            69.33533533533533
          ],
          [
            33.81150959132611,
            69.33533533533533
          ],
          [
            33.85487906588824,
            69.35135135135135
          ],
          [
            33.898248540450375,
            69.35135135135135
          ],
          [
            33.94161801501251,
            69.36736736736736
          ],
          [
            33.98498748957465,
            69.38338338338339
          ],
          [
            34.02835696413678,
            69.3993993993994
          ],
          [
            34.07172643869892,
            69.3993993993994
          ],
          [
            34.11509591326105,
            69.41541541541541
          ],
          [
            34.158465387823185,
            69.41541541541541
          ],
          [
            34.20183486238532,
            69.41541541541541
          ],
          [
            34.24520433694746,
            69.3993993993994
          ],
          [
            34.28857381150959,
            69.3993993993994
          ],
          [
            34.33194328607173,
            69.38338338338339
          ],
          [
            34.37531276063386,
            69.36736736736736
          ],
          [
            34.418682235195995,
            69.35135135135135
          ],
          [
            34.46205170975813,
            69.33533533533533
          ],
          [
            34.50542118432027,
            69.31931931931932
          ],
          [
            34.5487906588824,
            69.30330330330331
          ],
          [
            34.59216013344454,
            69.28728728728728
          ],
          [
            34.63552960800667,
            69.27127127127127
          ],
          [
            34.678899082568805,
            69.25525525525525
          ],
          [
            34.722268557130946,
            69.25525525525525
          ],
          [
            34.76563803169308,
            69.25525525525525
          ],
          [
            34.80900750625521,
            69.25525525525525
          ],
          [
            34.85237698081735,
            69.23923923923924
          ],
          [
            34.89574645537948,
            69.23923923923924
          ],
          [
            34.93911592994162,
            69.23923923923924
          ],
          [
            34.982485404503755,
            69.25525525525525
          ],
          [
            35.02585487906589,
            69.27127127127127
          ],
          [
            35.06922435362802,
            69.28728728728728
          ],
          [
            35.11259382819016,
            69.30330330330331
          ],
          [
            35.1559633027523,
            69.28728728728728
          ],
          [
            35.19933277731443,
            69.28728728728728
          ],
          [
            35.242702251876565,
            69.28728728728728
          ],
          [
            35.2860717264387,
            69.28728728728728
          ],
          [
            35.32944120100083,
            69.28728728728728
          ],
          [
            35.37281067556297,
            69.27127127127127
          ],
          [
            35.4161801501251,
            69.27127127127127
          ],
          [
            35.45954962468724,
            69.25525525525525
          ],
          [
            35.502919099249375,
            69.25525525525525
          ],
          [
            35.54628857381151,
            69.25525525525525
          ],
          [
            35.58965804837364,
            69.23923923923924
          ],
          [
            35.63302752293578,
            69.23923923923924
          ],
          [
            35.67639699749792,
            69.22322322322323
          ],
          [
            35.71976647206005,
            69.22322322322323
          ],
          [
            35.763135946622185,
            69.2072072072072
          ],
          [
            35.80650542118432,
            69.2072072072072
          ],
          [
            35.84987489574645,
            69.2072072072072
          ],
          [
            35.893244370308594,
            69.1911911911912
          ],
          [
            35.93661384487073,
            69.1911911911912
          ],
          [
            35.97998331943286,
            69.17517517517517
          ],
          [
            36.023352793994995,
            69.15915915915916
          ],
          [
            36.06672226855713,
            69.14314314314315
          ],
          [
            36.11009174311927,
            69.14314314314315
          ],
          [
            36.153461217681404,
            69.12712712712712
          ],
          [
            36.19683069224354,
            69.12712712712712
          ],
          [
            36.24020016680567,
            69.12712712712712
          ],
          [
            36.283569641367805,
            69.11111111111111
          ],
          [
            36.326939115929946,
            69.09509509509509
          ],
          [
            36.37030859049207,
            69.07907907907908
          ],
          [
            36.413678065054214,
            69.06306306306307
          ],
          [
            36.45704753961635,
            69.04704704704704
          ],
          [
            36.50041701417848,
            69.04704704704704
          ],
          [
            36.543786488740615,
            69.03103103103103
          ],
          [
            36.58715596330275,
            69.01501501501501
          ],
          [
            36.63052543786489,
            68.998998998999
          ],
          [
            36.67389491242702,
            68.998998998999
          ],
          [
            36.71726438698916,
            68.98298298298299
          ],
          [
            36.76063386155129,
            68.96696696696696
          ],
          [
            36.804003336113425,
            68.95095095095095
          ],
          [
            36.847372810675566,
            68.95095095095095
          ],
          [
            36.8907422852377,
            68.93493493493493
          ],
          [
            36.93411175979983,
            68.91891891891892
          ],
          [
            36.97748123436197,
            68.91891891891892
          ],
          [
            37.0208507089241,
            68.90290290290291
          ],
          [
            37.06422018348624,
            68.88688688688688
          ],
          [
            37.107589658048376,
            68.87087087087087
          ],
          [
            37.15095913261051,
            68.85485485485485
          ],
          [
            37.19432860717264,
            68.85485485485485
          ],
          [
            37.23769808173478,
            68.83883883883884
          ],
          [
            37.28106755629692,
            68.82282282282283
          ],
          [
            37.32443703085905,
            68.8068068068068
          ],
          [
            37.367806505421186,
            68.7907907907908
          ],
          [
            37.41117597998332,
            68.77477477477477
          ],
          [
            37.45454545454545,
            68.75875875875876
          ],
          [
            37.497914929107594,
            68.74274274274275
          ],
          [
            37.54128440366972,
            68.74274274274275
          ],
          [
            37.58465387823186,
            68.74274274274275
          ],
          [
            37.628023352793996,
            68.72672672672672
          ],
          [
            37.67139282735613,
            68.72672672672672
          ],
          [
            37.71476230191826,
            68.71071071071071
          ],
          [
            37.7581317764804,
            68.69469469469469
          ],
          [
            37.80150125104254,
            68.67867867867868
          ],
          [
            37.84487072560467,
            68.66266266266267
          ],
          [
            37.888240200166805,
            68.64664664664664
          ],
          [
            37.93160967472894,
            68.63063063063063
          ],
          [
            37.97497914929107,
            68.61461461461461
          ],
          [
            38.018348623853214,
            68.5985985985986
          ],
          [
            38.06171809841535,
            68.58258258258259
          ],
          [
            38.10508757297748,
            68.56656656656656
          ],
          [
            38.148457047539615,
            68.55055055055055
          ],
          [
            38.19182652210175,
            68.53453453453453
          ],
          [
            38.23519599666389,
            68.51851851851852
          ],
          [
            38.278565471226024,
            68.50250250250251
          ],
          [
            38.32193494578816,
            68.48648648648648
          ],
          [
            38.36530442035029,
            68.47047047047047
          ],
          [
            38.408673894912425,
            68.45445445445445
          ],
          [
            38.452043369474566,
            68.43843843843844
          ],
          [
            38.4954128440367,
            68.42242242242243
          ],
          [
            38.538782318598834,
            68.4064064064064
          ],
          [
            38.58215179316097,
            68.3903903903904
          ],
          [
            38.6255212677231,
            68.3903903903904
          ],
          [
            38.66889074228524,
            68.3903903903904
          ],
          [
            38.71226021684737,
            68.37437437437437
          ],
          [
            38.75562969140951,
            68.35835835835836
          ],
          [
            38.798999165971644,
            68.34234234234235
          ],
          [
            38.84236864053378,
            68.32632632632632
          ],
          [
            38.88573811509591,
            68.32632632632632
          ],
          [
            38.929107589658045,
            68.31031031031031
          ],
          [
            38.972477064220186,
            68.29429429429429
          ],
          [
            39.01584653878232,
            68.27827827827828
          ],
          [
            39.059216013344454,
            68.26226226226227
          ],
          [
            39.10258548790659,
            68.24624624624624
          ],
          [
            39.14595496246872,
            68.23023023023023
          ],
          [
            39.18932443703086,
            68.21421421421421
          ],
          [
            39.232693911592996,
            68.1981981981982
          ],
          [
            39.27606338615513,
            68.18218218218219
          ],
          [
            39.319432860717264,
            68.18218218218219
          ],
          [
            39.3628023352794,
            68.18218218218219
          ],
          [
            39.40617180984154,
            68.18218218218219
          ],
          [
            39.44954128440367,
            68.18218218218219
          ],
          [
            39.492910758965806,
            68.18218218218219
          ],
          [
            39.53628023352794,
            68.18218218218219
          ],
          [
            39.57964970809007,
            68.18218218218219
          ],
          [
            39.623019182652214,
            68.18218218218219
          ],
          [
            39.66638865721435,
            68.18218218218219
          ],
          [
            39.70975813177648,
            68.18218218218219
          ],
          [
            39.753127606338616,
            68.18218218218219
          ],
          [
            39.79649708090075,
            68.16616616616616
          ],
          [
            39.83986655546289,
            68.15015015015015
          ],
          [
            39.88323603002502,
            68.13413413413413
          ],
          [
            39.92660550458716,
            68.11811811811812
          ],
          [
            39.92660550458716,
            68.10210210210211
          ],
          [
            39.96997497914929,
            68.08608608608608
          ],
          [
            39.96997497914929,
            68.07007007007007
          ],
          [
            39.96997497914929,
            68.05405405405405
          ],
          [
            40.013344453711426,
            68.03803803803804
          ],
          [
            40.05671392827356,
            68.02202202202203
          ],
          [
            40.10008340283569,
            68.006006006006
          ],
          [
            40.10008340283569,
            67.98998998999
          ],
          [
            40.143452877397834,
            67.97397397397397
          ],
          [
            40.18682235195997,
            67.95795795795796
          ],
          [
            40.2301918265221,
            67.94194194194195
          ],
          [
            40.273561301084236,
            67.92592592592592
          ],
          [
            40.31693077564637,
            67.90990990990991
          ],
          [
            40.36030025020851,
            67.90990990990991
          ],
          [
            40.403669724770644,
            67.89389389389389
          ],
          [
            40.44703919933278,
            67.87787787787788
          ],
          [
            40.44703919933278,
            67.86186186186187
          ],
          [
            40.403669724770644,
            67.84584584584584
          ],
          [
            40.36030025020851,
            67.82982982982983
          ],
          [
            40.403669724770644,
            67.81381381381381
          ],
          [
            40.44703919933278,
            67.7977977977978
          ],
          [
            40.49040867389491,
            67.7977977977978
          ],
          [
            40.533778148457046,
            67.7977977977978
          ],
          [
            40.57714762301919,
            67.81381381381381
          ],
          [
            40.62051709758132,
            67.81381381381381
          ],
          [
            40.663886572143454,
            67.81381381381381
          ],
          [
            40.70725604670559,
            67.7977977977978
          ],
          [
            40.70725604670559,
            67.78178178178179
          ],
          [
            40.75062552126772,
            67.76576576576576
          ],
          [
            40.79399499582986,
            67.74974974974975
          ],
          [
            40.837364470392,
            67.74974974974975
          ],
          [
            40.88073394495413,
            67.74974974974975
          ],
          [
            40.924103419516264,
            67.74974974974975
          ],
          [
            40.9674728940784,
            67.73373373373373
          ],
          [
            41.01084236864053,
            67.71771771771772
          ],
          [
            41.01084236864053,
            67.70170170170171
          ],
          [
            41.054211843202665,
            67.68568568568568
          ],
          [
            41.054211843202665,
            67.66966966966967
          ],
          [
            41.054211843202665,
            67.65365365365365
          ],
          [
            41.054211843202665,
            67.63763763763764
          ],
          [
            41.054211843202665,
            67.62162162162163
          ],
          [
            41.054211843202665,
            67.6056056056056
          ],
          [
            41.054211843202665,
            67.5895895895896
          ],
          [
            41.01084236864053,
            67.57357357357357
          ],
          [
            41.01084236864053,
            67.55755755755756
          ],
          [
            41.01084236864053,
            67.54154154154155
          ],
          [
            41.054211843202665,
            67.52552552552552
          ],
          [
            41.01084236864053,
            67.50950950950951
          ],
          [
            41.01084236864053,
            67.49349349349349
          ],
          [
            41.054211843202665,
            67.47747747747748
          ],
          [
            41.097581317764806,
            67.46146146146147
          ],
          [
            41.14095079232694,
            67.44544544544544
          ],
          [
            41.14095079232694,
            67.42942942942943
          ],
          [
            41.184320266889074,
            67.41341341341341
          ],
          [
            41.14095079232694,
            67.3973973973974
          ],
          [
            41.14095079232694,
            67.38138138138137
          ],
          [
            41.14095079232694,
            67.36536536536536
          ],
          [
            41.14095079232694,
            67.34934934934935
          ],
          [
            41.14095079232694,
            67.33333333333333
          ],
          [
            41.14095079232694,
            67.31731731731732
          ],
          [
            41.14095079232694,
            67.3013013013013
          ],
          [
            41.14095079232694,
            67.28528528528528
          ],
          [
            41.14095079232694,
            67.26926926926927
          ],
          [
            41.14095079232694,
            67.25325325325325
          ],
          [
            41.184320266889074,
            67.23723723723724
          ],
          [
            41.22768974145121,
            67.23723723723724
          ],
          [
            41.27105921601334,
            67.23723723723724
          ],
          [
            41.31442869057548,
            67.23723723723724
          ],
          [
            41.357798165137616,
            67.22122122122121
          ],
          [
            41.40116763969975,
            67.2052052052052
          ],
          [
            41.357798165137616,
            67.1891891891892
          ],
          [
            41.357798165137616,
            67.17317317317317
          ],
          [
            41.357798165137616,
            67.15715715715716
          ],
          [
            41.40116763969975,
            67.14114114114113
          ],
          [
            41.40116763969975,
            67.12512512512512
          ],
          [
            41.40116763969975,
            67.10910910910911
          ],
          [
            41.357798165137616,
            67.09309309309309
          ],
          [
            41.357798165137616,
            67.07707707707708
          ],
          [
            41.357798165137616,
            67.06106106106105
          ],
          [
            41.357798165137616,
            67.04504504504504
          ],
          [
            41.357798165137616,
            67.02902902902903
          ],
          [
            41.40116763969975,
            67.01301301301301
          ],
          [
            41.357798165137616,
            66.996996996997
          ],
          [
            41.31442869057548,
            66.98098098098097
          ],
          [
            41.31442869057548,
            66.96496496496496
          ],
          [
            41.31442869057548,
            66.94894894894895
          ],
          [
            41.31442869057548,
            66.93293293293293
          ],
          [
            41.31442869057548,
            66.91691691691692
          ],
          [
            41.27105921601334,
            66.9009009009009
          ],
          [
            41.27105921601334,
            66.88488488488488
          ],
          [
            41.27105921601334,
            66.86886886886887
          ],
          [
            41.22768974145121,
            66.85285285285285
          ],
          [
            41.22768974145121,
            66.83683683683684
          ],
          [
            41.22768974145121,
            66.82082082082081
          ],
          [
            41.184320266889074,
            66.8048048048048
          ],
          [
            41.184320266889074,
            66.78878878878879
          ],
          [
            41.14095079232694,
            66.77277277277277
          ],
          [
            41.097581317764806,
            66.75675675675676
          ],
          [
            41.054211843202665,
            66.74074074074073
          ],
          [
            41.01084236864053,
            66.72472472472472
          ],
          [
            41.01084236864053,
            66.70870870870871
          ],
          [
            40.9674728940784,
            66.69269269269269
          ],
          [
            40.9674728940784,
            66.67667667667668
          ],
          [
            40.924103419516264,
            66.66066066066065
          ],
          [
            40.88073394495413,
            66.64464464464464
          ],
          [
            40.837364470392,
            66.62862862862863
          ],
          [
            40.79399499582986,
            66.61261261261261
          ],
          [
            40.75062552126772,
            66.5965965965966
          ],
          [
            40.75062552126772,
            66.58058058058057
          ],
          [
            40.75062552126772,
            66.56456456456456
          ],
          [
            40.75062552126772,
            66.54854854854855
          ],
          [
            40.75062552126772,
            66.53253253253253
          ],
          [
            40.70725604670559,
            66.51651651651652
          ],
          [
            40.663886572143454,
            66.5005005005005
          ],
          [
            40.62051709758132,
            66.48448448448448
          ],
          [
            40.62051709758132,
            66.46846846846847
          ],
          [
            40.57714762301919,
            66.45245245245245
          ],
          [
            40.533778148457046,
            66.43643643643644
          ],
          [
            40.49040867389491,
            66.42042042042041
          ],
          [
            40.44703919933278,
            66.4044044044044
          ],
          [
            40.403669724770644,
            66.38838838838839
          ],
          [
            40.36030025020851,
            66.37237237237237
          ],
          [
            40.31693077564637,
            66.35635635635636
          ],
          [
            40.273561301084236,
            66.34034034034033
          ],
          [
            40.2301918265221,
            66.32432432432432
          ],
          [
            40.18682235195997,
            66.30830830830831
          ],
          [
            40.143452877397834,
            66.29229229229229
          ],
          [
            40.10008340283569,
            66.27627627627628
          ],
          [
            40.05671392827356,
            66.26026026026025
          ],
          [
            40.013344453711426,
            66.24424424424424
          ],
          [
            39.96997497914929,
            66.22822822822823
          ],
          [
            39.92660550458716,
            66.21221221221221
          ],
          [
            39.92660550458716,
            66.1961961961962
          ],
          [
            39.92660550458716,
            66.18018018018017
          ],
          [
            39.92660550458716,
            66.16416416416416
          ],
          [
            39.92660550458716,
            66.14814814814815
          ],
          [
            39.92660550458716,
            66.13213213213213
          ],
          [
            39.92660550458716,
            66.11611611611612
          ],
          [
            39.92660550458716,
            66.1001001001001
          ],
          [
            39.88323603002502,
            66.08408408408408
          ],
          [
            39.88323603002502,
            66.06806806806807
          ],
          [
            39.88323603002502,
            66.05205205205205
          ],
          [
            39.88323603002502,
            66.03603603603604
          ],
          [
            39.88323603002502,
            66.02002002002001
          ],
          [
            39.88323603002502,
            66.004004004004
          ],
          [
            39.88323603002502,
            65.98798798798799
          ],
          [
            39.88323603002502,
            65.97197197197197
          ],
          [
            39.88323603002502,
            65.95595595595596
          ],
          [
            39.88323603002502,
            65.93993993993993
          ],
          [
            39.88323603002502,
            65.92392392392392
          ],
          [
            39.88323603002502,
            65.90790790790791
          ],
          [
            39.88323603002502,
            65.89189189189189
          ],
          [
            39.88323603002502,
            65.87587587587588
          ],
          [
            39.88323603002502,
            65.85985985985985
          ],
          [
            39.88323603002502,
            65.84384384384384
          ],
          [
            39.88323603002502,
            65.82782782782783
          ],
          [
            39.88323603002502,
            65.81181181181181
          ],
          [
            39.88323603002502,
            65.7957957957958
          ],
          [
            39.88323603002502,
            65.77977977977977
          ],
          [
            39.88323603002502,
            65.76376376376376
          ],
          [
            39.88323603002502,
            65.74774774774775
          ],
          [
            39.88323603002502,
            65.73173173173173
          ],
          [
            39.88323603002502,
            65.71571571571572
          ],
          [
            39.88323603002502,
            65.69969969969969
          ],
          [
            39.88323603002502,
            65.68368368368368
          ],
          [
            39.88323603002502,
            65.66766766766767
          ],
          [
            39.88323603002502,
            65.65165165165165
          ],
          [
            39.88323603002502,
            65.63563563563564
          ],
          [
            39.83986655546289,
            65.61961961961961
          ],
          [
            39.79649708090075,
            65.6036036036036
          ],
          [
            39.79649708090075,
            65.58758758758759
          ],
          [
            39.753127606338616,
            65.57157157157157
          ],
          [
            39.753127606338616,
            65.55555555555556
          ],
          [
            39.70975813177648,
            65.53953953953953
          ],
          [
            39.70975813177648,
            65.52352352352352
          ],
          [
            39.70975813177648,
            65.50750750750751
          ],
          [
            39.70975813177648,
            65.49149149149149
          ],
          [
            39.70975813177648,
            65.47547547547548
          ],
          [
            39.70975813177648,
            65.45945945945945
          ],
          [
            39.66638865721435,
            65.44344344344344
          ],
          [
            39.70975813177648,
            65.42742742742743
          ],
          [
            39.70975813177648,
            65.41141141141141
          ],
          [
            39.70975813177648,
            65.3953953953954
          ],
          [
            39.70975813177648,
            65.37937937937937
          ],
          [
            39.70975813177648,
            65.36336336336336
          ],
          [
            39.70975813177648,
            65.34734734734735
          ],
          [
            39.753127606338616,
            65.33133133133133
          ],
          [
            39.753127606338616,
            65.31531531531532
          ],
          [
            39.753127606338616,
            65.29929929929929
          ],
          [
            39.753127606338616,
            65.28328328328328
          ],
          [
            39.753127606338616,
            65.26726726726727
          ],
          [
            39.753127606338616,
            65.25125125125125
          ],
          [
            39.753127606338616,
            65.23523523523524
          ],
          [
            39.753127606338616,
            65.21921921921921
          ],
          [
            39.753127606338616,
            65.2032032032032
          ],
          [
            39.753127606338616,
            65.18718718718719
          ],
          [
            39.753127606338616,
            65.17117117117117
          ],
          [
            39.753127606338616,
            65.15515515515516
          ],
          [
            39.753127606338616,
            65.13913913913913
          ],
          [
            39.753127606338616,
            65.12312312312312
          ],
          [
            39.753127606338616,
            65.10710710710711
          ],
          [
            39.753127606338616,
            65.09109109109109
          ],
          [
            39.753127606338616,
            65.07507507507508
          ],
          [
            39.753127606338616,
            65.05905905905905
          ],
          [
            39.79649708090075,
            65.04304304304304
          ],
          [
            39.79649708090075,
            65.02702702702703
          ],
          [
            39.79649708090075,
            65.011011011011
          ],
          [
            39.79649708090075,
            64.994994994995
          ],
          [
            39.79649708090075,
            64.97897897897897
          ],
          [
            39.79649708090075,
            64.96296296296296
          ],
          [
            39.79649708090075,
            64.94694694694695
          ],
          [
            39.79649708090075,
            64.93093093093093
          ],
          [
            39.79649708090075,
            64.91491491491492
          ],
          [
            39.79649708090075,
            64.89889889889889
          ],
          [
            39.79649708090075,
            64.88288288288288
          ],
          [
            39.79649708090075,
            64.86686686686687
          ],
          [
            39.79649708090075,
            64.85085085085085
          ],
          [
            39.79649708090075,
            64.83483483483484
          ],
          [
            39.79649708090075,
            64.81881881881881
          ],
          [
            39.79649708090075,
            64.8028028028028
          ],
          [
            39.83986655546289,
            64.81881881881881
          ],
          [
            39.88323603002502,
            64.83483483483484
          ],
          [
            39.92660550458716,
            64.85085085085085
          ],
          [
            39.96997497914929,
            64.86686686686687
          ],
          [
            40.013344453711426,
            64.88288288288288
          ],
          [
            40.05671392827356,
            64.89889889889889
          ],
          [
            40.10008340283569,
            64.91491491491492
          ],
          [
            40.143452877397834,
            64.93093093093093
          ],
          [
            40.18682235195997,
            64.94694694694695
          ],
          [
            40.2301918265221,
            64.96296296296296
          ],
          [
            40.273561301084236,
            64.97897897897897
          ],
          [
            40.273561301084236,
            64.994994994995
          ],
          [
            40.273561301084236,
            65.011011011011
          ],
          [
            40.2301918265221,
            65.02702702702703
          ],
          [
            40.18682235195997,
            65.04304304304304
          ],
          [
            40.143452877397834,
            65.05905905905905
          ],
          [
            40.10008340283569,
            65.07507507507508
          ],
          [
            40.05671392827356,
            65.09109109109109
          ],
          [
            40.05671392827356,
            65.10710710710711
          ],
          [
            40.013344453711426,
            65.12312312312312
          ],
          [
            40.013344453711426,
            65.13913913913913
          ],
          [
            40.013344453711426,
            65.15515515515516
          ],
          [
            39.96997497914929,
            65.17117117117117
          ],
          [
            39.96997497914929,
            65.18718718718719
          ],
          [
            39.92660550458716,
            65.2032032032032
          ],
          [
            39.92660550458716,
            65.21921921921921
          ],
          [
            39.88323603002502,
            65.23523523523524
          ],
          [
            39.88323603002502,
            65.25125125125125
          ],
          [
            39.88323603002502,
            65.26726726726727
          ],
          [
            39.83986655546289,
            65.28328328328328
          ],
          [
            39.79649708090075,
            65.29929929929929
          ],
          [
            39.753127606338616,
            65.31531531531532
          ],
          [
            39.753127606338616,
            65.33133133133133
          ],
          [
            39.70975813177648,
            65.34734734734735
          ],
          [
            39.70975813177648,
            65.36336336336336
          ],
          [
            39.70975813177648,
            65.37937937937937
          ],
          [
            39.70975813177648,
            65.3953953953954
          ],
          [
            39.70975813177648,
            65.41141141141141
          ],
          [
            39.70975813177648,
            65.42742742742743
          ],
          [
            39.66638865721435,
            65.44344344344344
          ],
          [
            39.70975813177648,
            65.45945945945945
          ],
          [
            39.70975813177648,
            65.47547547547548
          ],
          [
            39.70975813177648,
            65.49149149149149
          ],
          [
            39.70975813177648,
            65.50750750750751
          ],
          [
            39.70975813177648,
            65.52352352352352
          ],
          [
            39.70975813177648,
            65.53953953953953
          ],
          [
            39.753127606338616,
            65.55555555555556
          ],
          [
            39.753127606338616,
            65.57157157157157
          ],
          [
            39.79649708090075,
            65.58758758758759
          ],
          [
            39.79649708090075,
            65.6036036036036
          ],
          [
            39.83986655546289,
            65.61961961961961
          ],
          [
            39.88323603002502,
            65.63563563563564
          ],
          [
            39.92660550458716,
            65.65165165165165
          ],
          [
            39.96997497914929,
            65.66766766766767
          ],
          [
            40.013344453711426,
            65.68368368368368
          ],
          [
            40.05671392827356,
            65.69969969969969
          ],
          [
            40.10008340283569,
            65.71571571571572
          ],
          [
            40.143452877397834,
            65.73173173173173
          ],
          [
            40.18682235195997,
            65.74774774774775
          ],
          [
            40.2301918265221,
            65.76376376376376
          ],
          [
            40.273561301084236,
            65.77977977977977
          ],
          [
            40.31693077564637,
            65.7957957957958
          ],
          [
            40.36030025020851,
            65.81181181181181
          ],
          [
            40.403669724770644,
            65.82782782782783
          ],
          [
            40.44703919933278,
            65.84384384384384
          ],
          [
            40.49040867389491,
            65.85985985985985
          ],
          [
            40.533778148457046,
            65.87587587587588
          ],
          [
            40.57714762301919,
            65.89189189189189
          ],
          [
            40.57714762301919,
            65.90790790790791
          ],
          [
            40.62051709758132,
            65.92392392392392
          ],
          [
            40.62051709758132,
            65.93993993993993
          ],
          [
            40.663886572143454,
            65.95595595595596
          ],
          [
            40.70725604670559,
            65.97197197197197
          ],
          [
            40.75062552126772,
            65.98798798798799
          ],
          [
            40.79399499582986,
            66.004004004004
          ],
          [
            40.837364470392,
            66.02002002002001
          ],
          [
            40.88073394495413,
            66.03603603603604
          ],
          [
            40.924103419516264,
            66.05205205205205
          ],
          [
            40.9674728940784,
            66.06806806806807
          ],
          [
            41.01084236864053,
            66.08408408408408
          ],
          [
            41.054211843202665,
            66.1001001001001
          ],
          [
            41.097581317764806,
            66.11611611611612
          ],
          [
            41.14095079232694,
            66.13213213213213
          ],
          [
            41.184320266889074,
            66.14814814814815
          ],
          [
            41.22768974145121,
            66.16416416416416
          ],
          [
            41.27105921601334,
            66.18018018018017
          ],
          [
            41.31442869057548,
            66.1961961961962
          ],
          [
            41.357798165137616,
            66.21221221221221
          ],
          [
            41.40116763969975,
            66.22822822822823
          ],
          [
            41.444537114261884,
            66.24424424424424
          ],
          [
            41.48790658882402,
            66.26026026026025
          ],
          [
            41.53127606338616,
            66.27627627627628
          ],
          [
            41.57464553794829,
            66.29229229229229
          ],
          [
            41.618015012510426,
            66.30830830830831
          ],
          [
            41.66138448707256,
            66.32432432432432
          ],
          [
            41.704753961634694,
            66.34034034034033
          ],
          [
            41.748123436196835,
            66.35635635635636
          ],
          [
            41.79149291075897,
            66.37237237237237
          ],
          [
            41.8348623853211,
            66.38838838838839
          ],
          [
            41.878231859883236,
            66.4044044044044
          ],
          [
            41.92160133444537,
            66.42042042042041
          ],
          [
            41.96497080900751,
            66.43643643643644
          ],
          [
            42.00834028356964,
            66.45245245245245
          ],
          [
            42.05170975813178,
            66.46846846846847
          ],
          [
            42.09507923269391,
            66.48448448448448
          ],
          [
            42.09507923269391,
            66.5005005005005
          ],
          [
            42.138448707256046,
            66.51651651651652
          ],
          [
            42.18181818181818,
            66.53253253253253
          ],
          [
            42.225187656380314,
            66.54854854854855
          ],
          [
            42.268557130942455,
            66.56456456456456
          ],
          [
            42.268557130942455,
            66.58058058058057
          ],
          [
            42.31192660550459,
            66.5965965965966
          ],
          [
            42.31192660550459,
            66.61261261261261
          ],
          [
            42.35529608006672,
            66.62862862862863
          ],
          [
            42.35529608006672,
            66.64464464464464
          ],
          [
            42.35529608006672,
            66.66066066066065
          ],
          [
            42.398665554628856,
            66.67667667667668
          ],
          [
            42.398665554628856,
            66.69269269269269
          ],
          [
            42.398665554628856,
            66.70870870870871
          ],
          [
            42.44203502919099,
            66.72472472472472
          ],
          [
            42.398665554628856,
            66.74074074074073
          ],
          [
            42.398665554628856,
            66.75675675675676
          ],
          [
            42.44203502919099,
            66.77277277277277
          ],
          [
            42.48540450375313,
            66.78878878878879
          ],
          [
            42.528773978315265,
            66.8048048048048
          ],
          [
            42.5721434528774,
            66.82082082082081
          ],
          [
            42.61551292743953,
            66.83683683683684
          ],
          [
            42.658882402001666,
            66.85285285285285
          ],
          [
            42.70225187656381,
            66.86886886886887
          ],
          [
            42.74562135112594,
            66.88488488488488
          ],
          [
            42.788990825688074,
            66.9009009009009
          ],
          [
            42.83236030025021,
            66.91691691691692
          ],
          [
            42.87572977481234,
            66.93293293293293
          ],
          [
            42.91909924937448,
            66.94894894894895
          ],
          [
            42.96246872393662,
            66.96496496496496
          ],
          [
            43.00583819849875,
            66.98098098098097
          ],
          [
            43.049207673060884,
            66.996996996997
          ],
          [
            43.09257714762302,
            67.01301301301301
          ],
          [
            43.13594662218516,
            67.02902902902903
          ],
          [
            43.179316096747286,
            67.04504504504504
          ],
          [
            43.22268557130943,
            67.06106106106105
          ],
          [
            43.26605504587156,
            67.07707707707708
          ],
          [
            43.309424520433694,
            67.09309309309309
          ],
          [
            43.35279399499583,
            67.10910910910911
          ],
          [
            43.39616346955796,
            67.12512512512512
          ],
          [
            43.4395329441201,
            67.14114114114113
          ],
          [
            43.48290241868224,
            67.15715715715716
          ],
          [
            43.52627189324437,
            67.17317317317317
          ],
          [
            43.52627189324437,
            67.1891891891892
          ],
          [
            43.569641367806504,
            67.2052052052052
          ],
          [
            43.61301084236864,
            67.22122122122121
          ],
          [
            43.65638031693078,
            67.23723723723724
          ],
          [
            43.69974979149291,
            67.25325325325325
          ],
          [
            43.74311926605505,
            67.26926926926927
          ],
          [
            43.74311926605505,
            67.28528528528528
          ],
          [
            43.74311926605505,
            67.3013013013013
          ],
          [
            43.74311926605505,
            67.31731731731732
          ],
          [
            43.78648874061718,
            67.33333333333333
          ],
          [
            43.78648874061718,
            67.34934934934935
          ],
          [
            43.78648874061718,
            67.36536536536536
          ],
          [
            43.78648874061718,
            67.38138138138137
          ],
          [
            43.829858215179314,
            67.3973973973974
          ],
          [
            43.829858215179314,
            67.41341341341341
          ],
          [
            43.829858215179314,
            67.42942942942943
          ],
          [
            43.873227689741455,
            67.44544544544544
          ],
          [
            43.873227689741455,
            67.46146146146147
          ],
          [
            43.873227689741455,
            67.47747747747748
          ],
          [
            43.91659716430359,
            67.49349349349349
          ],
          [
            43.91659716430359,
            67.50950950950951
          ],
          [
            43.91659716430359,
            67.52552552552552
          ],
          [
            43.95996663886572,
            67.54154154154155
          ],
          [
            43.95996663886572,
            67.55755755755756
          ],
          [
            43.95996663886572,
            67.57357357357357
          ],
          [
            44.003336113427856,
            67.5895895895896
          ],
          [
            44.003336113427856,
            67.6056056056056
          ],
          [
            44.003336113427856,
            67.62162162162163
          ],
          [
            44.003336113427856,
            67.63763763763764
          ],
          [
            44.003336113427856,
            67.65365365365365
          ],
          [
            44.003336113427856,
            67.66966966966967
          ],
          [
            44.04670558798999,
            67.68568568568568
          ],
          [
            44.09007506255213,
            67.70170170170171
          ],
          [
            44.04670558798999,
            67.71771771771772
          ],
          [
            44.04670558798999,
            67.73373373373373
          ],
          [
            44.09007506255213,
            67.74974974974975
          ],
          [
            44.09007506255213,
            67.76576576576576
          ],
          [
            44.09007506255213,
            67.78178178178179
          ],
          [
            44.09007506255213,
            67.7977977977978
          ],
          [
            44.09007506255213,
            67.81381381381381
          ],
          [
            44.09007506255213,
            67.82982982982983
          ],
          [
            44.04670558798999,
            67.84584584584584
          ],
          [
            44.04670558798999,
            67.86186186186187
          ],
          [
            44.04670558798999,
            67.87787787787788
          ],
          [
            44.09007506255213,
            67.89389389389389
          ],
          [
            44.13344453711426,
            67.90990990990991
          ],
          [
            44.13344453711426,
            67.92592592592592
          ],
          [
            44.09007506255213,
            67.94194194194195
          ],
          [
            44.09007506255213,
            67.95795795795796
          ],
          [
            44.13344453711426,
            67.97397397397397
          ],
          [
            44.1768140116764,
            67.98998998999
          ],
          [
            44.13344453711426,
            68.006006006006
          ],
          [
            44.1768140116764,
            68.02202202202203
          ],
          [
            44.1768140116764,
            68.03803803803804
          ],
          [
            44.13344453711426,
            68.05405405405405
          ],
          [
            44.13344453711426,
            68.07007007007007
          ],
          [
            44.13344453711426,
            68.08608608608608
          ],
          [
            44.1768140116764,
            68.10210210210211
          ],
          [
            44.1768140116764,
            68.11811811811812
          ],
          [
            44.1768140116764,
            68.13413413413413
          ],
          [
            44.1768140116764,
            68.15015015015015
          ],
          [
            44.1768140116764,
            68.16616616616616
          ],
          [
            44.1768140116764,
            68.18218218218219
          ],
          [
            44.22018348623853,
            68.1981981981982
          ],
          [
            44.22018348623853,
            68.21421421421421
          ],
          [
            44.22018348623853,
            68.23023023023023
          ],
          [
            44.22018348623853,
            68.24624624624624
          ],
          [
            44.22018348623853,
            68.26226226226227
          ],
          [
            44.22018348623853,
            68.27827827827828
          ],
          [
            44.1768140116764,
            68.29429429429429
          ],
          [
            44.13344453711426,
            68.31031031031031
          ],
          [
            44.09007506255213,
            68.32632632632632
          ],
          [
            44.04670558798999,
            68.34234234234235
          ],
          [
            44.003336113427856,
            68.35835835835836
          ],
          [
            43.95996663886572,
            68.37437437437437
          ],
          [
            43.91659716430359,
            68.3903903903904
          ],
          [
            43.873227689741455,
            68.4064064064064
          ],
          [
            43.829858215179314,
            68.42242242242243
          ],
          [
            43.78648874061718,
            68.43843843843844
          ],
          [
            43.74311926605505,
            68.45445445445445
          ],
          [
            43.69974979149291,
            68.47047047047047
          ],
          [
            43.65638031693078,
            68.48648648648648
          ],
          [
            43.61301084236864,
            68.50250250250251
          ],
          [
            43.569641367806504,
            68.51851851851852
          ],
          [
            43.52627189324437,
            68.53453453453453
          ],
          [
            43.48290241868224,
            68.55055055055055
          ],
          [
            43.4395329441201,
            68.56656656656656
          ],
          [
            43.39616346955796,
            68.58258258258259
          ],
          [
            43.35279399499583,
            68.5985985985986
          ],
          [
            43.309424520433694,
            68.61461461461461
          ],
          [
            43.26605504587156,
            68.63063063063063
          ],
          [
            43.26605504587156,
            68.64664664664664
          ],
          [
            43.26605504587156,
            68.66266266266267
          ],
          [
            43.309424520433694,
            68.67867867867868
          ],
          [
            43.35279399499583,
            68.69469469469469
          ],
          [
            43.39616346955796,
            68.71071071071071
          ],
          [
            43.4395329441201,
            68.72672672672672
          ],
          [
            43.48290241868224,
            68.74274274274275
          ],
          [
            43.52627189324437,
            68.75875875875876
          ],
          [
            43.569641367806504,
            68.77477477477477
          ],
          [
            43.61301084236864,
            68.7907907907908
          ],
          [
            43.65638031693078,
            68.8068068068068
          ],
          [
            43.69974979149291,
            68.82282282282283
          ],
          [
            43.74311926605505,
            68.83883883883884
          ],
          [
            43.78648874061718,
            68.85485485485485
          ],
          [
            43.829858215179314,
            68.87087087087087
          ],
          [
            43.873227689741455,
            68.88688688688688
          ],
          [
            43.91659716430359,
            68.90290290290291
          ],
          [
            43.95996663886572,
            68.91891891891892
          ],
          [
            44.003336113427856,
            68.93493493493493
          ],
          [
            44.04670558798999,
            68.95095095095095
          ],
          [
            44.09007506255213,
            68.96696696696696
          ],
          [
            44.13344453711426,
            68.98298298298299
          ],
          [
            44.1768140116764,
            68.998998998999
          ],
          [
            44.22018348623853,
            69.01501501501501
          ],
          [
            44.263552960800666,
            69.03103103103103
          ],
          [
            44.30692243536281,
            69.04704704704704
          ],
          [
            44.350291909924934,
            69.06306306306307
          ],
          [
            44.393661384487075,
            69.07907907907908
          ],
          [
            44.43703085904921,
            69.09509509509509
          ],
          [
            44.48040033361134,
            69.11111111111111
          ],
          [
            44.52376980817348,
            69.12712712712712
          ],
          [
            44.56713928273561,
            69.14314314314315
          ],
          [
            44.61050875729775,
            69.15915915915916
          ],
          [
            44.653878231859885,
            69.17517517517517
          ],
          [
            44.69724770642202,
            69.1911911911912
          ],
          [
            44.74061718098415,
            69.2072072072072
          ],
          [
            44.783986655546286,
            69.22322322322323
          ],
          [
            44.82735613010843,
            69.23923923923924
          ],
          [
            44.87072560467056,
            69.25525525525525
          ],
          [
            44.914095079232695,
            69.27127127127127
          ],
          [
            44.95746455379483,
            69.28728728728728
          ],
          [
            45.00083402835696,
            69.30330330330331
          ],
          [
            45.0442035029191,
            69.31931931931932
          ],
          [
            45.08757297748123,
            69.33533533533533
          ],
          [
            45.13094245204337,
            69.35135135135135
          ],
          [
            45.174311926605505,
            69.36736736736736
          ],
          [
            45.21768140116764,
            69.38338338338339
          ],
          [
            45.26105087572978,
            69.3993993993994
          ],
          [
            45.304420350291906,
            69.41541541541541
          ],
          [
            45.34778982485405,
            69.43143143143143
          ],
          [
            45.39115929941618,
            69.44744744744744
          ],
          [
            45.434528773978315,
            69.46346346346347
          ],
          [
            45.477898248540455,
            69.47947947947948
          ],
          [
            45.52126772310258,
            69.49549549549549
          ],
          [
            45.56463719766472,
            69.51151151151151
          ],
          [
            45.60800667222686,
            69.52752752752752
          ],
          [
            45.65137614678899,
            69.54354354354355
          ],
          [
            45.69474562135113,
            69.55955955955956
          ],
          [
            45.73811509591326,
            69.57557557557557
          ],
          [
            45.7814845704754,
            69.5915915915916
          ],
          [
            45.82485404503753,
            69.6076076076076
          ],
          [
            45.86822351959967,
            69.62362362362363
          ],
          [
            45.9115929941618,
            69.63963963963964
          ],
          [
            45.954962468723934,
            69.65565565565565
          ],
          [
            45.998331943286075,
            69.67167167167167
          ],
          [
            46.04170141784821,
            69.68768768768768
          ],
          [
            46.08507089241034,
            69.70370370370371
          ],
          [
            46.12844036697248,
            69.71971971971972
          ],
          [
            46.17180984153461,
            69.73573573573573
          ],
          [
            46.21517931609675,
            69.75175175175175
          ],
          [
            46.25854879065888,
            69.76776776776777
          ],
          [
            46.30191826522102,
            69.78378378378379
          ],
          [
            46.34528773978315,
            69.7997997997998
          ],
          [
            46.38865721434529,
            69.81581581581581
          ],
          [
            46.43202668890743,
            69.83183183183183
          ],
          [
            46.475396163469554,
            69.84784784784785
          ],
          [
            46.518765638031695,
            69.86386386386387
          ],
          [
            46.56213511259383,
            69.87987987987988
          ],
          [
            46.60550458715596,
            69.89589589589589
          ],
          [
            46.648874061718104,
            69.91191191191191
          ],
          [
            46.69224353628023,
            69.92792792792793
          ],
          [
            46.73561301084237,
            69.94394394394395
          ],
          [
            46.778982485404505,
            69.95995995995996
          ],
          [
            46.82235195996664,
            69.97597597597597
          ],
          [
            46.86572143452878,
            69.991991991992
          ],
          [
            46.90909090909091,
            70.008008008008
          ],
          [
            46.95246038365305,
            70.02402402402403
          ],
          [
            46.99582985821518,
            70.04004004004004
          ],
          [
            47.039199332777315,
            70.05605605605605
          ],
          [
            47.08256880733945,
            70.07207207207207
          ],
          [
            47.12593828190158,
            70.08808808808809
          ],
          [
            47.16930775646372,
            70.10410410410411
          ],
          [
            47.21267723102586,
            70.12012012012012
          ],
          [
            47.25604670558799,
            70.13613613613613
          ],
          [
            47.299416180150125,
            70.15215215215215
          ],
          [
            47.34278565471226,
            70.16816816816817
          ],
          [
            47.3861551292744,
            70.18418418418419
          ],
          [
            47.429524603836526,
            70.2002002002002
          ],
          [
            47.47289407839867,
            70.21621621621621
          ],
          [
            47.5162635529608,
            70.23223223223223
          ],
          [
            47.559633027522935,
            70.24824824824825
          ],
          [
            47.603002502085076,
            70.26426426426427
          ],
          [
            47.6463719766472,
            70.28028028028028
          ],
          [
            47.68974145120934,
            70.29629629629629
          ],
          [
            47.73311092577148,
            70.31231231231232
          ],
          [
            47.77648040033361,
            70.32832832832833
          ],
          [
            47.81984987489575,
            70.34434434434435
          ],
          [
            47.86321934945788,
            70.36036036036036
          ],
          [
            47.90658882402002,
            70.37637637637637
          ],
          [
            47.94995829858215,
            70.3923923923924
          ],
          [
            47.99332777314429,
            70.4084084084084
          ],
          [
            48.03669724770643,
            70.42442442442443
          ],
          [
            48.080066722268555,
            70.44044044044044
          ],
          [
            48.123436196830696,
            70.45645645645645
          ],
          [
            48.16680567139283,
            70.47247247247248
          ],
          [
            48.21017514595496,
            70.48848848848849
          ],
          [
            48.2535446205171,
            70.50450450450451
          ],
          [
            48.29691409507923,
            70.52052052052052
          ],
          [
            48.34028356964137,
            70.53653653653653
          ],
          [
            48.3836530442035,
            70.55255255255256
          ],
          [
            48.42702251876564,
            70.56856856856857
          ],
          [
            48.47039199332777,
            70.58458458458459
          ],
          [
            48.51376146788991,
            70.6006006006006
          ],
          [
            48.55713094245205,
            70.61661661661661
          ],
          [
            48.600500417014175,
            70.63263263263264
          ],
          [
            48.643869891576315,
            70.64864864864865
          ],
          [
            48.68723936613845,
            70.66466466466467
          ],
          [
            48.73060884070058,
            70.68068068068068
          ],
          [
            48.773978315262724,
            70.69669669669669
          ],
          [
            48.81734778982485,
            70.71271271271272
          ],
          [
            48.86071726438699,
            70.72872872872873
          ],
          [
            48.904086738949125,
            70.74474474474475
          ],
          [
            48.94745621351126,
            70.76076076076076
          ],
          [
            48.9908256880734,
            70.77677677677677
          ],
          [
            49.03419516263553,
            70.7927927927928
          ],
          [
            49.07756463719767,
            70.8088088088088
          ],
          [
            49.1209341117598,
            70.82482482482483
          ],
          [
            49.164303586321935,
            70.84084084084084
          ],
          [
            49.207673060884076,
            70.85685685685685
          ],
          [
            49.2510425354462,
            70.87287287287288
          ],
          [
            49.294412010008344,
            70.88888888888889
          ],
          [
            49.33778148457048,
            70.88888888888889
          ],
          [
            49.38115095913261,
            70.88888888888889
          ],
          [
            49.424520433694745,
            70.88888888888889
          ],
          [
            49.46788990825688,
            70.88888888888889
          ],
          [
            49.51125938281902,
            70.88888888888889
          ],
          [
            49.55462885738115,
            70.88888888888889
          ],
          [
            49.59799833194329,
            70.88888888888889
          ],
          [
            49.64136780650542,
            70.88888888888889
          ],
          [
            49.684737281067555,
            70.88888888888889
          ],
          [
            49.728106755629696,
            70.88888888888889
          ],
          [
            49.77147623019182,
            70.88888888888889
          ],
          [
            49.814845704753964,
            70.88888888888889
          ],
          [
            49.8582151793161,
            70.88888888888889
          ],
          [
            49.90158465387823,
            70.88888888888889
          ],
          [
            49.94495412844037,
            70.88888888888889
          ],
          [
            49.9883236030025,
            70.88888888888889
          ],
          [
            50.03169307756464,
            70.90490490490491
          ],
          [
            50.075062552126774,
            70.90490490490491
          ],
          [
            50.11843202668891,
            70.90490490490491
          ],
          [
            50.16180150125105,
            70.90490490490491
          ],
          [
            50.205170975813175,
            70.90490490490491
          ],
          [
            50.248540450375316,
            70.90490490490491
          ],
          [
            50.29190992493745,
            70.90490490490491
          ],
          [
            50.33527939949958,
            70.90490490490491
          ],
          [
            50.37864887406172,
            70.90490490490491
          ],
          [
            50.42201834862385,
            70.90490490490491
          ],
          [
            50.46538782318599,
            70.90490490490491
          ],
          [
            50.508757297748126,
            70.90490490490491
          ],
          [
            50.55212677231026,
            70.90490490490491
          ],
          [
            50.59549624687239,
            70.90490490490491
          ],
          [
            50.63886572143453,
            70.90490490490491
          ],
          [
            50.68223519599667,
            70.90490490490491
          ],
          [
            50.725604670558795,
            70.90490490490491
          ],
          [
            50.768974145120936,
            70.90490490490491
          ],
          [
            50.81234361968307,
            70.90490490490491
          ],
          [
            50.8557130942452,
            70.90490490490491
          ],
          [
            50.899082568807344,
            70.90490490490491
          ],
          [
            50.94245204336947,
            70.90490490490491
          ],
          [
            50.98582151793161,
            70.90490490490491
          ],
          [
            51.029190992493746,
            70.90490490490491
          ],
          [
            51.07256046705588,
            70.90490490490491
          ],
          [
            51.11592994161802,
            70.90490490490491
          ],
          [
            51.15929941618015,
            70.90490490490491
          ],
          [
            51.20266889074229,
            70.90490490490491
          ],
          [
            51.24603836530442,
            70.90490490490491
          ],
          [
            51.289407839866556,
            70.90490490490491
          ],
          [
            51.3327773144287,
            70.90490490490491
          ],
          [
            51.37614678899082,
            70.90490490490491
          ],
          [
            51.419516263552964,
            70.90490490490491
          ],
          [
            51.4628857381151,
            70.90490490490491
          ],
          [
            51.50625521267723,
            70.90490490490491
          ],
          [
            51.549624687239366,
            70.92092092092092
          ],
          [
            51.5929941618015,
            70.92092092092092
          ],
          [
            51.63636363636364,
            70.92092092092092
          ],
          [
            51.679733110925774,
            70.92092092092092
          ],
          [
            51.72310258548791,
            70.92092092092092
          ],
          [
            51.76647206005004,
            70.92092092092092
          ],
          [
            51.809841534612175,
            70.92092092092092
          ],
          [
            51.853211009174316,
            70.92092092092092
          ],
          [
            51.89658048373644,
            70.92092092092092
          ],
          [
            51.939949958298584,
            70.92092092092092
          ],
          [
            51.98331943286072,
            70.92092092092092
          ],
          [
            52.02668890742285,
            70.92092092092092
          ],
          [
            52.07005838198499,
            70.92092092092092
          ],
          [
            52.11342785654712,
            70.92092092092092
          ],
          [
            52.15679733110926,
            70.92092092092092
          ],
          [
            52.200166805671394,
            70.92092092092092
          ],
          [
            52.24353628023353,
            70.92092092092092
          ],
          [
            52.28690575479567,
            70.92092092092092
          ],
          [
            52.330275229357795,
            70.92092092092092
          ],
          [
            52.373644703919936,
            70.92092092092092
          ],
          [
            52.41701417848207,
            70.92092092092092
          ],
          [
            52.460383653044204,
            70.92092092092092
          ],
          [
            52.503753127606345,
            70.92092092092092
          ],
          [
            52.54712260216847,
            70.92092092092092
          ],
          [
            52.59049207673061,
            70.92092092092092
          ],
          [
            52.633861551292746,
            70.92092092092092
          ],
          [
            52.67723102585488,
            70.92092092092092
          ],
          [
            52.720600500417014,
            70.92092092092092
          ],
          [
            52.76396997497915,
            70.92092092092092
          ],
          [
            52.80733944954129,
            70.92092092092092
          ],
          [
            52.85070892410342,
            70.92092092092092
          ],
          [
            52.894078398665556,
            70.92092092092092
          ],
          [
            52.93744787322769,
            70.92092092092092
          ],
          [
            52.980817347789824,
            70.92092092092092
          ],
          [
            53.024186822351965,
            70.92092092092092
          ],
          [
            53.06755629691409,
            70.93693693693693
          ],
          [
            53.11092577147623,
            70.93693693693693
          ],
          [
            53.154295246038366,
            70.93693693693693
          ],
          [
            53.1976647206005,
            70.93693693693693
          ],
          [
            53.24103419516264,
            70.93693693693693
          ],
          [
            53.28440366972477,
            70.93693693693693
          ],
          [
            53.32777314428691,
            70.93693693693693
          ],
          [
            53.37114261884904,
            70.93693693693693
          ],
          [
            53.414512093411176,
            70.93693693693693
          ],
          [
            53.45788156797332,
            70.93693693693693
          ],
          [
            53.50125104253544,
            70.93693693693693
          ],
          [
            53.544620517097584,
            70.93693693693693
          ],
          [
            53.58798999165972,
            70.93693693693693
          ],
          [
            53.63135946622185,
            70.92092092092092
          ],
          [
            53.63135946622185,
            70.90490490490491
          ],
          [
            53.63135946622185,
            70.88888888888889
          ],
          [
            53.63135946622185,
            70.87287287287288
          ],
          [
            53.67472894078399,
            70.85685685685685
          ],
          [
            53.67472894078399,
            70.84084084084084
          ],
          [
            53.63135946622185,
            70.82482482482483
          ],
          [
            53.67472894078399,
            70.8088088088088
          ],
          [
            53.71809841534612,
            70.7927927927928
          ],
          [
            53.76146788990826,
            70.7927927927928
          ],
          [
            53.804837364470394,
            70.7927927927928
          ],
          [
            53.84820683903253,
            70.8088088088088
          ],
          [
            53.89157631359466,
            70.7927927927928
          ],
          [
            53.934945788156796,
            70.77677677677677
          ],
          [
            53.97831526271894,
            70.76076076076076
          ],
          [
            54.02168473728106,
            70.74474474474475
          ],
          [
            54.065054211843204,
            70.74474474474475
          ],
          [
            54.10842368640534,
            70.74474474474475
          ],
          [
            54.15179316096747,
            70.74474474474475
          ],
          [
            54.19516263552961,
            70.72872872872873
          ],
          [
            54.23853211009174,
            70.72872872872873
          ],
          [
            54.28190158465388,
            70.72872872872873
          ],
          [
            54.325271059216014,
            70.74474474474475
          ],
          [
            54.36864053377815,
            70.74474474474475
          ],
          [
            54.41201000834029,
            70.72872872872873
          ],
          [
            54.455379482902416,
            70.71271271271272
          ],
          [
            54.49874895746456,
            70.69669669669669
          ],
          [
            54.54211843202669,
            70.69669669669669
          ],
          [
            54.585487906588824,
            70.71271271271272
          ],
          [
            54.628857381150965,
            70.72872872872873
          ],
          [
            54.67222685571309,
            70.72872872872873
          ],
          [
            54.71559633027523,
            70.71271271271272
          ],
          [
            54.71559633027523,
            70.69669669669669
          ],
          [
            54.758965804837366,
            70.68068068068068
          ],
          [
            54.8023352793995,
            70.66466466466467
          ],
          [
            54.845704753961634,
            70.64864864864865
          ],
          [
            54.88907422852377,
            70.64864864864865
          ],
          [
            54.93244370308591,
            70.63263263263264
          ],
          [
            54.97581317764804,
            70.61661661661661
          ],
          [
            55.019182652210176,
            70.6006006006006
          ],
          [
            55.06255212677231,
            70.58458458458459
          ],
          [
            55.105921601334444,
            70.56856856856857
          ],
          [
            55.149291075896585,
            70.55255255255256
          ],
          [
            55.19266055045871,
            70.55255255255256
          ],
          [
            55.23603002502085,
            70.56856856856857
          ],
          [
            55.279399499582986,
            70.58458458458459
          ],
          [
            55.32276897414512,
            70.6006006006006
          ],
          [
            55.36613844870726,
            70.61661661661661
          ],
          [
            55.40950792326939,
            70.63263263263264
          ],
          [
            55.45287739783153,
            70.64864864864865
          ],
          [
            55.49624687239366,
            70.66466466466467
          ],
          [
            55.539616346955796,
            70.68068068068068
          ],
          [
            55.58298582151794,
            70.69669669669669
          ],
          [
            55.626355296080064,
            70.68068068068068
          ],
          [
            55.669724770642205,
            70.66466466466467
          ],
          [
            55.669724770642205,
            70.64864864864865
          ],
          [
            55.669724770642205,
            70.63263263263264
          ],
          [
            55.669724770642205,
            70.61661661661661
          ],
          [
            55.71309424520434,
            70.6006006006006
          ],
          [
            55.75646371976647,
            70.6006006006006
          ],
          [
            55.79983319432861,
            70.6006006006006
          ],
          [
            55.84320266889074,
            70.6006006006006
          ],
          [
            55.88657214345288,
            70.58458458458459
          ],
          [
            55.929941618015015,
            70.58458458458459
          ],
          [
            55.97331109257715,
            70.58458458458459
          ],
          [
            56.01668056713928,
            70.56856856856857
          ],
          [
            56.060050041701416,
            70.58458458458459
          ],
          [
            56.10341951626356,
            70.6006006006006
          ],
          [
            56.14678899082569,
            70.58458458458459
          ],
          [
            56.190158465387825,
            70.58458458458459
          ],
          [
            56.23352793994996,
            70.56856856856857
          ],
          [
            56.27689741451209,
            70.56856856856857
          ],
          [
            56.32026688907423,
            70.55255255255256
          ],
          [
            56.36363636363636,
            70.55255255255256
          ],
          [
            56.4070058381985,
            70.53653653653653
          ],
          [
            56.450375312760634,
            70.53653653653653
          ],
          [
            56.49374478732277,
            70.53653653653653
          ],
          [
            56.53711426188491,
            70.53653653653653
          ],
          [
            56.580483736447036,
            70.55255255255256
          ],
          [
            56.62385321100918,
            70.56856856856857
          ],
          [
            56.66722268557131,
            70.58458458458459
          ],
          [
            56.710592160133444,
            70.6006006006006
          ],
          [
            56.753961634695585,
            70.6006006006006
          ],
          [
            56.79733110925771,
            70.6006006006006
          ],
          [
            56.84070058381985,
            70.6006006006006
          ],
          [
            56.88407005838199,
            70.6006006006006
          ],
          [
            56.92743953294412,
            70.6006006006006
          ],
          [
            56.97080900750626,
            70.6006006006006
          ],
          [
            57.01417848206839,
            70.6006006006006
          ],
          [
            57.05754795663053,
            70.58458458458459
          ],
          [
            57.10091743119266,
            70.58458458458459
          ],
          [
            57.1442869057548,
            70.58458458458459
          ],
          [
            57.18765638031693,
            70.56856856856857
          ],
          [
            57.231025854879064,
            70.56856856856857
          ],
          [
            57.274395329441205,
            70.55255255255256
          ],
          [
            57.31776480400334,
            70.55255255255256
          ],
          [
            57.36113427856547,
            70.56856856856857
          ],
          [
            57.31776480400334,
            70.58458458458459
          ],
          [
            57.36113427856547,
            70.6006006006006
          ],
          [
            57.40450375312761,
            70.6006006006006
          ],
          [
            57.44787322768974,
            70.61661661661661
          ],
          [
            57.44787322768974,
            70.63263263263264
          ],
          [
            57.49124270225188,
            70.64864864864865
          ],
          [
            57.49124270225188,
            70.66466466466467
          ],
          [
            57.53461217681401,
            70.68068068068068
          ],
          [
            57.57798165137615,
            70.69669669669669
          ],
          [
            57.57798165137615,
            70.71271271271272
          ],
          [
            57.62135112593828,
            70.72872872872873
          ],
          [
            57.62135112593828,
            70.74474474474475
          ],
          [
            57.57798165137615,
            70.76076076076076
          ],
          [
            57.53461217681401,
            70.77677677677677
          ],
          [
            57.49124270225188,
            70.7927927927928
          ],
          [
            57.49124270225188,
            70.8088088088088
          ],
          [
            57.44787322768974,
            70.82482482482483
          ],
          [
            57.40450375312761,
            70.84084084084084
          ],
          [
            57.36113427856547,
            70.85685685685685
          ],
          [
            57.31776480400334,
            70.87287287287288
          ],
          [
            57.274395329441205,
            70.88888888888889
          ],
          [
            57.231025854879064,
            70.90490490490491
          ],
          [
            57.18765638031693,
            70.92092092092092
          ],
          [
            57.1442869057548,
            70.93693693693693
          ],
          [
            57.10091743119266,
            70.95295295295296
          ],
          [
            57.05754795663053,
            70.96896896896897
          ],
          [
            57.01417848206839,
            70.96896896896897
          ],
          [
            56.97080900750626,
            70.96896896896897
          ],
          [
            56.92743953294412,
            70.96896896896897
          ],
          [
            56.88407005838199,
            70.96896896896897
          ],
          [
            56.84070058381985,
            70.96896896896897
          ],
          [
            56.79733110925771,
            70.96896896896897
          ],
          [
            56.84070058381985,
            70.98498498498499
          ],
          [
            56.88407005838199,
            71.001001001001
          ],
          [
            56.92743953294412,
            71.01701701701701
          ],
          [
            56.97080900750626,
            71.03303303303304
          ],
          [
            57.01417848206839,
            71.04904904904905
          ],
          [
            57.05754795663053,
            71.06506506506507
          ],
          [
            57.10091743119266,
            71.08108108108108
          ],
          [
            57.1442869057548,
            71.09709709709709
          ],
          [
            57.18765638031693,
            71.11311311311312
          ],
          [
            57.231025854879064,
            71.12912912912913
          ],
          [
            57.274395329441205,
            71.14514514514515
          ],
          [
            57.31776480400334,
            71.16116116116116
          ],
          [
            57.36113427856547,
            71.17717717717717
          ],
          [
            57.40450375312761,
            71.1931931931932
          ],
          [
            57.44787322768974,
            71.2092092092092
          ],
          [
            57.49124270225188,
            71.22522522522523
          ],
          [
            57.53461217681401,
            71.24124124124124
          ],
          [
            57.57798165137615,
            71.25725725725725
          ],
          [
            57.62135112593828,
            71.27327327327328
          ],
          [
            57.66472060050042,
            71.28928928928929
          ],
          [
            57.70809007506256,
            71.30530530530531
          ],
          [
            57.751459549624684,
            71.32132132132132
          ],
          [
            57.794829024186825,
            71.33733733733733
          ],
          [
            57.83819849874896,
            71.35335335335336
          ],
          [
            57.88156797331109,
            71.36936936936937
          ],
          [
            57.92493744787323,
            71.38538538538539
          ],
          [
            57.96830692243536,
            71.4014014014014
          ],
          [
            58.0116763969975,
            71.41741741741741
          ],
          [
            58.055045871559635,
            71.43343343343344
          ],
          [
            58.09841534612177,
            71.44944944944945
          ],
          [
            58.14178482068391,
            71.46546546546547
          ],
          [
            58.185154295246036,
            71.48148148148148
          ],
          [
            58.22852376980818,
            71.49749749749749
          ],
          [
            58.27189324437031,
            71.51351351351352
          ],
          [
            58.315262718932445,
            71.52952952952953
          ],
          [
            58.35863219349458,
            71.54554554554555
          ],
          [
            58.40200166805671,
            71.56156156156156
          ],
          [
            58.44537114261885,
            71.57757757757757
          ],
          [
            58.48874061718099,
            71.5935935935936
          ],
          [
            58.53211009174312,
            71.6096096096096
          ],
          [
            58.575479566305255,
            71.62562562562563
          ],
          [
            58.61884904086739,
            71.64164164164164
          ],
          [
            58.66221851542953,
            71.65765765765765
          ],
          [
            58.705587989991656,
            71.67367367367368
          ],
          [
            58.7489574645538,
            71.68968968968969
          ],
          [
            58.79232693911593,
            71.70570570570571
          ],
          [
            58.835696413678065,
            71.72172172172172
          ],
          [
            58.879065888240206,
            71.73773773773775
          ],
          [
            58.92243536280233,
            71.75375375375376
          ],
          [
            58.96580483736447,
            71.76976976976977
          ],
          [
            59.00917431192661,
            71.78578578578579
          ],
          [
            59.05254378648874,
            71.8018018018018
          ],
          [
            59.09591326105088,
            71.81781781781783
          ],
          [
            59.13928273561301,
            71.83383383383384
          ],
          [
            59.18265221017515,
            71.84984984984985
          ],
          [
            59.22602168473728,
            71.86586586586587
          ],
          [
            59.26939115929942,
            71.88188188188188
          ],
          [
            59.31276063386156,
            71.8978978978979
          ],
          [
            59.356130108423685,
            71.8978978978979
          ],
          [
            59.399499582985825,
            71.8978978978979
          ],
          [
            59.44286905754796,
            71.8978978978979
          ],
          [
            59.48623853211009,
            71.8978978978979
          ],
          [
            59.52960800667223,
            71.8978978978979
          ],
          [
            59.57297748123436,
            71.8978978978979
          ],
          [
            59.6163469557965,
            71.8978978978979
          ],
          [
            59.65971643035863,
            71.8978978978979
          ],
          [
            59.70308590492077,
            71.8978978978979
          ],
          [
            59.7464553794829,
            71.8978978978979
          ],
          [
            59.78982485404504,
            71.8978978978979
          ],
          [
            59.83319432860718,
            71.8978978978979
          ],
          [
            59.876563803169304,
            71.8978978978979
          ],
          [
            59.919933277731445,
            71.8978978978979
          ],
          [
            59.96330275229358,
            71.8978978978979
          ],
          [
            60.00667222685571,
            71.8978978978979
          ],
          [
            60.05004170141785,
            71.8978978978979
          ],
          [
            60.09341117597999,
            71.8978978978979
          ],
          [
            60.13678065054212,
            71.91391391391392
          ],
          [
            60.180150125104255,
            71.91391391391392
          ],
          [
            60.22351959966639,
            71.91391391391392
          ],
          [
            60.26688907422852,
            71.91391391391392
          ],
          [
            60.310258548790664,
            71.91391391391392
          ],
          [
            60.3536280233528,
            71.91391391391392
          ],
          [
            60.39699749791493,
            71.91391391391392
          ],
          [
            60.440366972477065,
            71.91391391391392
          ],
          [
            60.4837364470392,
            71.91391391391392
          ],
          [
            60.52710592160133,
            71.91391391391392
          ],
          [
            60.570475396163474,
            71.91391391391392
          ],
          [
            60.61384487072561,
            71.91391391391392
          ],
          [
            60.65721434528774,
            71.91391391391392
          ],
          [
            60.700583819849875,
            71.91391391391392
          ],
          [
            60.74395329441201,
            71.91391391391392
          ],
          [
            60.78732276897415,
            71.91391391391392
          ],
          [
            60.830692243536284,
            71.91391391391392
          ],
          [
            60.87406171809842,
            71.91391391391392
          ],
          [
            60.91743119266055,
            71.91391391391392
          ],
          [
            60.960800667222685,
            71.91391391391392
          ],
          [
            61.00417014178482,
            71.91391391391392
          ],
          [
            61.04753961634696,
            71.91391391391392
          ],
          [
            61.09090909090909,
            71.91391391391392
          ],
          [
            61.13427856547123,
            71.91391391391392
          ],
          [
            61.17764804003336,
            71.91391391391392
          ],
          [
            61.221017514595495,
            71.91391391391392
          ],
          [
            61.264386989157636,
            71.91391391391392
          ],
          [
            61.30775646371977,
            71.91391391391392
          ],
          [
            61.3511259382819,
            71.91391391391392
          ],
          [
            61.39449541284404,
            71.91391391391392
          ],
          [
            61.43786488740617,
            71.91391391391392
          ],
          [
            61.481234361968305,
            71.91391391391392
          ],
          [
            61.524603836530446,
            71.91391391391392
          ],
          [
            61.56797331109258,
            71.91391391391392
          ],
          [
            61.61134278565471,
            71.92992992992993
          ],
          [
            61.65471226021685,
            71.92992992992993
          ],
          [
            61.69808173477898,
            71.92992992992993
          ],
          [
            61.74145120934112,
            71.92992992992993
          ],
          [
            61.784820683903256,
            71.92992992992993
          ],
          [
            61.82819015846539,
            71.92992992992993
          ],
          [
            61.87155963302752,
            71.92992992992993
          ],
          [
            61.91492910758966,
            71.92992992992993
          ],
          [
            61.9582985821518,
            71.92992992992993
          ],
          [
            62.00166805671393,
            71.92992992992993
          ],
          [
            62.045037531276066,
            71.92992992992993
          ],
          [
            62.0884070058382,
            71.92992992992993
          ],
          [
            62.13177648040033,
            71.92992992992993
          ],
          [
            62.17514595496247,
            71.92992992992993
          ],
          [
            62.21851542952461,
            71.92992992992993
          ],
          [
            62.26188490408674,
            71.92992992992993
          ],
          [
            62.305254378648876,
            71.92992992992993
          ],
          [
            62.34862385321101,
            71.92992992992993
          ],
          [
            62.39199332777314,
            71.92992992992993
          ],
          [
            62.435362802335284,
            71.92992992992993
          ],
          [
            62.47873227689742,
            71.92992992992993
          ],
          [
            62.52210175145955,
            71.92992992992993
          ],
          [
            62.565471226021685,
            71.92992992992993
          ],
          [
            62.60884070058382,
            71.92992992992993
          ],
          [
            62.65221017514595,
            71.92992992992993
          ],
          [
            62.695579649708094,
            71.92992992992993
          ],
          [
            62.73894912427023,
            71.92992992992993
          ],
          [
            62.78231859883236,
            71.92992992992993
          ],
          [
            62.825688073394495,
            71.92992992992993
          ],
          [
            62.86905754795663,
            71.92992992992993
          ],
          [
            62.91242702251877,
            71.92992992992993
          ],
          [
            62.955796497080904,
            71.92992992992993
          ],
          [
            62.99916597164304,
            71.92992992992993
          ],
          [
            63.04253544620517,
            71.94594594594595
          ],
          [
            63.085904920767305,
            71.94594594594595
          ],
          [
            63.129274395329446,
            71.94594594594595
          ],
          [
            63.17264386989158,
            71.94594594594595
          ],
          [
            63.216013344453714,
            71.94594594594595
          ],
          [
            63.25938281901585,
            71.94594594594595
          ],
          [
            63.30275229357798,
            71.94594594594595
          ],
          [
            63.346121768140115,
            71.94594594594595
          ],
          [
            63.389491242702256,
            71.94594594594595
          ],
          [
            63.43286071726439,
            71.94594594594595
          ],
          [
            63.476230191826524,
            71.94594594594595
          ],
          [
            63.51959966638866,
            71.94594594594595
          ],
          [
            63.56296914095079,
            71.94594594594595
          ],
          [
            63.60633861551293,
            71.94594594594595
          ],
          [
            63.649708090075066,
            71.94594594594595
          ],
          [
            63.6930775646372,
            71.94594594594595
          ],
          [
            63.736447039199334,
            71.94594594594595
          ],
          [
            63.77981651376147,
            71.94594594594595
          ],
          [
            63.8231859883236,
            71.94594594594595
          ],
          [
            63.86655546288574,
            71.94594594594595
          ],
          [
            63.909924937447876,
            71.94594594594595
          ],
          [
            63.95329441201001,
            71.94594594594595
          ],
          [
            63.996663886572144,
            71.94594594594595
          ],
          [
            64.04003336113428,
            71.94594594594595
          ],
          [
            64.08340283569642,
            71.94594594594595
          ],
          [
            64.12677231025856,
            71.94594594594595
          ],
          [
            64.17014178482069,
            71.94594594594595
          ],
          [
            64.21351125938281,
            71.94594594594595
          ],
          [
            64.25688073394495,
            71.94594594594595
          ],
          [
            64.3002502085071,
            71.94594594594595
          ],
          [
            64.34361968306922,
            71.94594594594595
          ],
          [
            64.38698915763136,
            71.94594594594595
          ],
          [
            64.4303586321935,
            71.94594594594595
          ],
          [
            64.47372810675563,
            71.94594594594595
          ],
          [
            64.51709758131776,
            71.96196196196196
          ],
          [
            64.56046705587991,
            71.96196196196196
          ],
          [
            64.60383653044204,
            71.96196196196196
          ],
          [
            64.64720600500416,
            71.96196196196196
          ],
          [
            64.6905754795663,
            71.96196196196196
          ],
          [
            64.73394495412845,
            71.96196196196196
          ],
          [
            64.77731442869057,
            71.96196196196196
          ],
          [
            64.82068390325271,
            71.96196196196196
          ],
          [
            64.86405337781486,
            71.96196196196196
          ],
          [
            64.90742285237698,
            71.96196196196196
          ],
          [
            64.95079232693911,
            71.96196196196196
          ],
          [
            64.99416180150125,
            71.96196196196196
          ],
          [
            65.03753127606339,
            71.96196196196196
          ],
          [
            65.08090075062552,
            71.96196196196196
          ],
          [
            65.12427022518766,
            71.96196196196196
          ],
          [
            65.1676396997498,
            71.96196196196196
          ],
          [
            65.21100917431193,
            71.96196196196196
          ],
          [
            65.25437864887407,
            71.96196196196196
          ],
          [
            65.29774812343621,
            71.96196196196196
          ],
          [
            65.34111759799833,
            71.96196196196196
          ],
          [
            65.38448707256046,
            71.96196196196196
          ],
          [
            65.4278565471226,
            71.96196196196196
          ],
          [
            65.47122602168474,
            71.96196196196196
          ],
          [
            65.51459549624687,
            71.96196196196196
          ],
          [
            65.55796497080901,
            71.96196196196196
          ],
          [
            65.60133444537115,
            71.96196196196196
          ],
          [
            65.64470391993328,
            71.96196196196196
          ],
          [
            65.6880733944954,
            71.96196196196196
          ],
          [
            65.73144286905756,
            71.96196196196196
          ],
          [
            65.77481234361969,
            71.96196196196196
          ],
          [
            65.81818181818181,
            71.96196196196196
          ],
          [
            65.86155129274395,
            71.96196196196196
          ],
          [
            65.9049207673061,
            71.96196196196196
          ],
          [
            65.94829024186822,
            71.97797797797799
          ],
          [
            65.99165971643036,
            71.97797797797799
          ],
          [
            66.0350291909925,
            71.97797797797799
          ],
          [
            66.07839866555463,
            71.97797797797799
          ],
          [
            66.12176814011676,
            71.97797797797799
          ],
          [
            66.1651376146789,
            71.97797797797799
          ],
          [
            66.20850708924104,
            71.97797797797799
          ],
          [
            66.25187656380317,
            71.97797797797799
          ],
          [
            66.2952460383653,
            71.97797797797799
          ],
          [
            66.33861551292745,
            71.97797797797799
          ],
          [
            66.38198498748957,
            71.97797797797799
          ],
          [
            66.42535446205171,
            71.97797797797799
          ],
          [
            66.46872393661386,
            71.97797797797799
          ],
          [
            66.51209341117598,
            71.97797797797799
          ],
          [
            66.55546288573811,
            71.97797797797799
          ],
          [
            66.59883236030025,
            71.97797797797799
          ],
          [
            66.64220183486239,
            71.97797797797799
          ],
          [
            66.68557130942452,
            71.97797797797799
          ],
          [
            66.72894078398666,
            71.97797797797799
          ],
          [
            66.7723102585488,
            71.97797797797799
          ],
          [
            66.81567973311093,
            71.97797797797799
          ],
          [
            66.85904920767305,
            71.97797797797799
          ],
          [
            66.90241868223521,
            71.97797797797799
          ],
          [
            66.94578815679733,
            71.97797797797799
          ],
          [
            66.98915763135946,
            71.97797797797799
          ],
          [
            67.0325271059216,
            71.97797797797799
          ],
          [
            67.07589658048374,
            71.97797797797799
          ],
          [
            67.11926605504587,
            71.97797797797799
          ],
          [
            67.16263552960801,
            71.97797797797799
          ],
          [
            67.20600500417015,
            71.97797797797799
          ],
          [
            67.24937447873228,
            71.97797797797799
          ],
          [
            67.2927439532944,
            71.97797797797799
          ],
          [
            67.33611342785655,
            71.97797797797799
          ],
          [
            67.37948290241869,
            71.97797797797799
          ],
          [
            67.42285237698081,
            71.993993993994
          ],
          [
            67.46622185154295,
            71.993993993994
          ],
          [
            67.5095913261051,
            71.993993993994
          ],
          [
            67.55296080066722,
            71.993993993994
          ],
          [
            67.59633027522936,
            71.993993993994
          ],
          [
            67.6396997497915,
            71.993993993994
          ],
          [
            67.68306922435363,
            71.993993993994
          ],
          [
            67.72643869891576,
            71.993993993994
          ],
          [
            67.7698081734779,
            71.993993993994
          ],
          [
            67.81317764804004,
            71.993993993994
          ],
          [
            67.85654712260217,
            71.993993993994
          ],
          [
            67.8999165971643,
            71.993993993994
          ],
          [
            67.94328607172645,
            71.993993993994
          ],
          [
            67.98665554628857,
            71.993993993994
          ],
          [
            68.0300250208507,
            71.993993993994
          ],
          [
            68.07339449541286,
            71.993993993994
          ],
          [
            68.11676396997498,
            71.993993993994
          ],
          [
            68.11676396997498,
            72.01001001001
          ],
          [
            68.11676396997498,
            72.02602602602603
          ],
          [
            68.11676396997498,
            72.04204204204204
          ],
          [
            68.11676396997498,
            72.05805805805807
          ],
          [
            68.11676396997498,
            72.07407407407408
          ],
          [
            68.11676396997498,
            72.09009009009009
          ],
          [
            68.11676396997498,
            72.10610610610611
          ],
          [
            68.11676396997498,
            72.12212212212212
          ],
          [
            68.11676396997498,
            72.13813813813815
          ],
          [
            68.11676396997498,
            72.15415415415416
          ],
          [
            68.11676396997498,
            72.17017017017017
          ],
          [
            68.11676396997498,
            72.18618618618619
          ],
          [
            68.11676396997498,
            72.2022022022022
          ],
          [
            68.11676396997498,
            72.21821821821823
          ],
          [
            68.11676396997498,
            72.23423423423424
          ],
          [
            68.11676396997498,
            72.25025025025025
          ],
          [
            68.11676396997498,
            72.26626626626627
          ],
          [
            68.11676396997498,
            72.28228228228228
          ],
          [
            68.11676396997498,
            72.2982982982983
          ],
          [
            68.11676396997498,
            72.31431431431432
          ],
          [
            68.11676396997498,
            72.33033033033033
          ],
          [
            68.11676396997498,
            72.34634634634635
          ],
          [
            68.11676396997498,
            72.36236236236236
          ],
          [
            68.11676396997498,
            72.37837837837839
          ],
          [
            68.11676396997498,
            72.3943943943944
          ],
          [
            68.11676396997498,
            72.4104104104104
          ],
          [
            68.11676396997498,
            72.42642642642643
          ],
          [
            68.11676396997498,
            72.44244244244244
          ],
          [
            68.11676396997498,
            72.45845845845847
          ],
          [
            68.11676396997498,
            72.47447447447448
          ],
          [
            68.11676396997498,
            72.49049049049049
          ],
          [
            68.11676396997498,
            72.50650650650651
          ],
          [
            68.11676396997498,
            72.52252252252252
          ],
          [
            68.11676396997498,
            72.53853853853855
          ],
          [
            68.11676396997498,
            72.55455455455456
          ],
          [
            68.11676396997498,
            72.57057057057057
          ],
          [
            68.11676396997498,
            72.58658658658659
          ],
          [
            68.11676396997498,
            72.6026026026026
          ],
          [
            68.11676396997498,
            72.61861861861863
          ],
          [
            68.11676396997498,
            72.63463463463464
          ],
          [
            68.11676396997498,
            72.65065065065065
          ],
          [
            68.11676396997498,
            72.66666666666667
          ],
          [
            68.11676396997498,
            72.68268268268268
          ],
          [
            68.11676396997498,
            72.6986986986987
          ],
          [
            68.11676396997498,
            72.71471471471472
          ],
          [
            68.11676396997498,
            72.73073073073073
          ],
          [
            68.16013344453711,
            72.74674674674675
          ],
          [
            68.20350291909925,
            72.76276276276276
          ],
          [
            68.24687239366139,
            72.77877877877879
          ],
          [
            68.29024186822352,
            72.7947947947948
          ],
          [
            68.33361134278566,
            72.8108108108108
          ],
          [
            68.3769808173478,
            72.82682682682683
          ],
          [
            68.42035029190993,
            72.84284284284284
          ],
          [
            68.46371976647205,
            72.85885885885887
          ],
          [
            68.5070892410342,
            72.87487487487488
          ],
          [
            68.55045871559633,
            72.89089089089089
          ],
          [
            68.59382819015846,
            72.90690690690691
          ],
          [
            68.6371976647206,
            72.92292292292292
          ],
          [
            68.68056713928274,
            72.93893893893895
          ],
          [
            68.72393661384487,
            72.95495495495496
          ],
          [
            68.767306088407,
            72.97097097097097
          ],
          [
            68.81067556296915,
            72.98698698698699
          ],
          [
            68.85404503753128,
            73.003003003003
          ],
          [
            68.8974145120934,
            73.01901901901903
          ],
          [
            68.94078398665555,
            73.03503503503504
          ],
          [
            68.98415346121769,
            73.05105105105105
          ],
          [
            69.02752293577981,
            73.06706706706707
          ],
          [
            69.07089241034195,
            73.08308308308308
          ],
          [
            69.1142618849041,
            73.0990990990991
          ],
          [
            69.15763135946622,
            73.11511511511512
          ],
          [
            69.20100083402835,
            73.13113113113113
          ],
          [
            69.2443703085905,
            73.14714714714715
          ],
          [
            69.28773978315263,
            73.16316316316316
          ],
          [
            69.33110925771476,
            73.17917917917919
          ],
          [
            69.3744787322769,
            73.1951951951952
          ],
          [
            69.41784820683904,
            73.21121121121121
          ],
          [
            69.46121768140117,
            73.22722722722723
          ],
          [
            69.5045871559633,
            73.24324324324324
          ],
          [
            69.54795663052545,
            73.25925925925927
          ],
          [
            69.59132610508757,
            73.27527527527528
          ],
          [
            69.6346955796497,
            73.29129129129129
          ],
          [
            69.67806505421184,
            73.30730730730731
          ],
          [
            69.72143452877398,
            73.32332332332332
          ],
          [
            69.76480400333611,
            73.33933933933935
          ],
          [
            69.80817347789825,
            73.35535535535536
          ],
          [
            69.85154295246039,
            73.37137137137137
          ],
          [
            69.89491242702252,
            73.38738738738739
          ],
          [
            69.93828190158465,
            73.4034034034034
          ],
          [
            69.9816513761468,
            73.41941941941943
          ],
          [
            70.02502085070893,
            73.41941941941943
          ],
          [
            70.06839032527105,
            73.43543543543544
          ],
          [
            70.1117597998332,
            73.43543543543544
          ],
          [
            70.15512927439534,
            73.45145145145145
          ],
          [
            70.19849874895746,
            73.45145145145145
          ],
          [
            70.2418682235196,
            73.46746746746747
          ],
          [
            70.28523769808174,
            73.46746746746747
          ],
          [
            70.32860717264387,
            73.48348348348348
          ],
          [
            70.371976647206,
            73.48348348348348
          ],
          [
            70.41534612176815,
            73.4994994994995
          ],
          [
            70.45871559633028,
            73.4994994994995
          ],
          [
            70.5020850708924,
            73.4994994994995
          ],
          [
            70.54545454545455,
            73.48348348348348
          ],
          [
            70.58882402001669,
            73.4994994994995
          ],
          [
            70.63219349457881,
            73.4994994994995
          ],
          [
            70.67556296914096,
            73.51551551551552
          ],
          [
            70.7189324437031,
            73.51551551551552
          ],
          [
            70.76230191826522,
            73.51551551551552
          ],
          [
            70.80567139282735,
            73.51551551551552
          ],
          [
            70.84904086738949,
            73.51551551551552
          ],
          [
            70.89241034195163,
            73.51551551551552
          ],
          [
            70.93577981651376,
            73.53153153153153
          ],
          [
            70.9791492910759,
            73.51551551551552
          ],
          [
            71.02251876563804,
            73.51551551551552
          ],
          [
            71.06588824020017,
            73.4994994994995
          ],
          [
            71.1092577147623,
            73.4994994994995
          ],
          [
            71.15262718932445,
            73.48348348348348
          ],
          [
            71.19599666388658,
            73.48348348348348
          ],
          [
            71.2393661384487,
            73.46746746746747
          ],
          [
            71.28273561301084,
            73.45145145145145
          ],
          [
            71.32610508757298,
            73.43543543543544
          ],
          [
            71.36947456213511,
            73.41941941941943
          ],
          [
            71.41284403669725,
            73.4034034034034
          ],
          [
            71.45621351125939,
            73.38738738738739
          ],
          [
            71.49958298582152,
            73.37137137137137
          ],
          [
            71.54295246038365,
            73.35535535535536
          ],
          [
            71.58632193494579,
            73.33933933933935
          ],
          [
            71.62969140950793,
            73.32332332332332
          ],
          [
            71.67306088407005,
            73.30730730730731
          ],
          [
            71.7164303586322,
            73.29129129129129
          ],
          [
            71.75979983319434,
            73.27527527527528
          ],
          [
            71.80316930775646,
            73.25925925925927
          ],
          [
            71.8465387823186,
            73.24324324324324
          ],
          [
            71.88990825688074,
            73.22722722722723
          ],
          [
            71.93327773144287,
            73.21121121121121
          ],
          [
            71.976647206005,
            73.1951951951952
          ],
          [
            72.02001668056714,
            73.17917917917919
          ],
          [
            72.06338615512928,
            73.16316316316316
          ],
          [
            72.1067556296914,
            73.14714714714715
          ],
          [
            72.15012510425355,
            73.13113113113113
          ],
          [
            72.19349457881569,
            73.11511511511512
          ],
          [
            72.19349457881569,
            73.0990990990991
          ],
          [
            72.19349457881569,
            73.08308308308308
          ],
          [
            72.19349457881569,
            73.06706706706707
          ],
          [
            72.19349457881569,
            73.05105105105105
          ],
          [
            72.19349457881569,
            73.03503503503504
          ],
          [
            72.19349457881569,
            73.01901901901903
          ],
          [
            72.19349457881569,
            73.003003003003
          ],
          [
            72.19349457881569,
            72.98698698698699
          ],
          [
            72.19349457881569,
            72.97097097097097
          ],
          [
            72.19349457881569,
            72.95495495495496
          ],
          [
            72.19349457881569,
            72.93893893893895
          ],
          [
            72.19349457881569,
            72.92292292292292
          ],
          [
            72.19349457881569,
            72.90690690690691
          ],
          [
            72.19349457881569,
            72.89089089089089
          ],
          [
            72.19349457881569,
            72.87487487487488
          ],
          [
            72.19349457881569,
            72.85885885885887
          ],
          [
            72.23686405337781,
            72.84284284284284
          ],
          [
            72.23686405337781,
            72.82682682682683
          ],
          [
            72.28023352793994,
            72.8108108108108
          ],
          [
            72.3236030025021,
            72.7947947947948
          ],
          [
            72.36697247706422,
            72.7947947947948
          ],
          [
            72.41034195162635,
            72.7947947947948
          ],
          [
            72.45371142618849,
            72.7947947947948
          ],
          [
            72.49708090075063,
            72.7947947947948
          ],
          [
            72.54045037531276,
            72.77877877877879
          ],
          [
            72.5838198498749,
            72.76276276276276
          ],
          [
            72.62718932443704,
            72.76276276276276
          ],
          [
            72.67055879899917,
            72.74674674674675
          ],
          [
            72.7139282735613,
            72.74674674674675
          ],
          [
            72.75729774812343,
            72.73073073073073
          ],
          [
            72.80066722268558,
            72.73073073073073
          ],
          [
            72.8440366972477,
            72.71471471471472
          ],
          [
            72.80066722268558,
            72.6986986986987
          ],
          [
            72.75729774812343,
            72.68268268268268
          ],
          [
            72.80066722268558,
            72.66666666666667
          ],
          [
            72.8440366972477,
            72.65065065065065
          ],
          [
            72.80066722268558,
            72.63463463463464
          ],
          [
            72.75729774812343,
            72.61861861861863
          ],
          [
            72.75729774812343,
            72.6026026026026
          ],
          [
            72.75729774812343,
            72.58658658658659
          ],
          [
            72.75729774812343,
            72.57057057057057
          ],
          [
            72.80066722268558,
            72.55455455455456
          ],
          [
            72.80066722268558,
            72.53853853853855
          ],
          [
            72.8440366972477,
            72.52252252252252
          ],
          [
            72.8440366972477,
            72.50650650650651
          ],
          [
            72.8440366972477,
            72.49049049049049
          ],
          [
            72.80066722268558,
            72.47447447447448
          ],
          [
            72.80066722268558,
            72.45845845845847
          ],
          [
            72.80066722268558,
            72.44244244244244
          ],
          [
            72.80066722268558,
            72.42642642642643
          ],
          [
            72.80066722268558,
            72.4104104104104
          ],
          [
            72.8440366972477,
            72.3943943943944
          ],
          [
            72.8440366972477,
            72.37837837837839
          ],
          [
            72.8440366972477,
            72.36236236236236
          ],
          [
            72.8440366972477,
            72.34634634634635
          ],
          [
            72.88740617180984,
            72.33033033033033
          ],
          [
            72.88740617180984,
            72.31431431431432
          ],
          [
            72.88740617180984,
            72.2982982982983
          ],
          [
            72.88740617180984,
            72.28228228228228
          ],
          [
            72.88740617180984,
            72.26626626626627
          ],
          [
            72.8440366972477,
            72.25025025025025
          ],
          [
            72.80066722268558,
            72.23423423423424
          ],
          [
            72.80066722268558,
            72.21821821821823
          ],
          [
            72.75729774812343,
            72.2022022022022
          ],
          [
            72.75729774812343,
            72.18618618618619
          ],
          [
            72.75729774812343,
            72.17017017017017
          ],
          [
            72.75729774812343,
            72.15415415415416
          ],
          [
            72.75729774812343,
            72.13813813813815
          ],
          [
            72.75729774812343,
            72.12212212212212
          ],
          [
            72.7139282735613,
            72.10610610610611
          ],
          [
            72.67055879899917,
            72.09009009009009
          ],
          [
            72.62718932443704,
            72.07407407407408
          ],
          [
            72.62718932443704,
            72.05805805805807
          ],
          [
            72.5838198498749,
            72.04204204204204
          ],
          [
            72.5838198498749,
            72.02602602602603
          ],
          [
            72.5838198498749,
            72.01001001001
          ],
          [
            72.5838198498749,
            71.993993993994
          ],
          [
            72.5838198498749,
            71.97797797797799
          ],
          [
            72.5838198498749,
            71.96196196196196
          ],
          [
            72.5838198498749,
            71.94594594594595
          ],
          [
            72.54045037531276,
            71.92992992992993
          ],
          [
            72.54045037531276,
            71.91391391391392
          ],
          [
            72.49708090075063,
            71.8978978978979
          ],
          [
            72.45371142618849,
            71.88188188188188
          ],
          [
            72.41034195162635,
            71.86586586586587
          ],
          [
            72.36697247706422,
            71.84984984984985
          ],
          [
            72.36697247706422,
            71.83383383383384
          ],
          [
            72.3236030025021,
            71.81781781781783
          ],
          [
            72.36697247706422,
            71.8018018018018
          ],
          [
            72.36697247706422,
            71.78578578578579
          ],
          [
            72.36697247706422,
            71.76976976976977
          ],
          [
            72.36697247706422,
            71.75375375375376
          ],
          [
            72.36697247706422,
            71.73773773773775
          ],
          [
            72.36697247706422,
            71.72172172172172
          ],
          [
            72.36697247706422,
            71.70570570570571
          ],
          [
            72.3236030025021,
            71.68968968968969
          ],
          [
            72.28023352793994,
            71.67367367367368
          ],
          [
            72.28023352793994,
            71.65765765765765
          ],
          [
            72.28023352793994,
            71.64164164164164
          ],
          [
            72.28023352793994,
            71.62562562562563
          ],
          [
            72.28023352793994,
            71.6096096096096
          ],
          [
            72.28023352793994,
            71.5935935935936
          ],
          [
            72.28023352793994,
            71.57757757757757
          ],
          [
            72.28023352793994,
            71.56156156156156
          ],
          [
            72.28023352793994,
            71.54554554554555
          ],
          [
            72.28023352793994,
            71.52952952952953
          ],
          [
            72.28023352793994,
            71.51351351351352
          ],
          [
            72.28023352793994,
            71.49749749749749
          ],
          [
            72.28023352793994,
            71.48148148148148
          ],
          [
            72.28023352793994,
            71.46546546546547
          ],
          [
            72.28023352793994,
            71.44944944944945
          ],
          [
            72.28023352793994,
            71.43343343343344
          ],
          [
            72.28023352793994,
            71.41741741741741
          ],
          [
            72.28023352793994,
            71.4014014014014
          ],
          [
            72.28023352793994,
            71.38538538538539
          ],
          [
            72.28023352793994,
            71.36936936936937
          ],
          [
            72.28023352793994,
            71.35335335335336
          ],
          [
            72.28023352793994,
            71.33733733733733
          ],
          [
            72.28023352793994,
            71.32132132132132
          ]
        ]
      },
      "properties": {
        "name": "Маршрут Мурманск-Архангельск",
        "description": "Оптимальный морской маршрут через Баренцево и Белое моря",
        "vessel_route": true
      }
    }
  ]
}