{
  "type": "FeatureCollection",
  "features": [
    {
      "type": "Feature",
      "geometry": {
        "type": "LineString",
        "coordinates": [
          [
            33.044203502919096,
            69.03603603603604
          ],
          [
            33.044203502919096,
            69.04704704704704
          ],
          [
            33.044203502919096,
            69.05805805805805
          ],
          [
            33.07923269391159,
            69.06906906906907
          ],
          [
            33.11426188490409,
            69.08008008008008
          ],
          [
            33.14929107589658,
            69.08008008008008
          ],
          [
            33.184320266889074,
            69.08008008008008
          ],
          [
            33.21934945788157,
            69.08008008008008
          ],
          [
            33.25437864887406,
            69.09109109109109
          ],
          [
            33.289407839866556,
            69.10210210210211
          ],
          [
            33.324437030859045,
            69.11311311311312
          ],
          [
            33.35946622185154,
            69.12412412412412
          ],
          [
            33.35946622185154,
            69.13513513513513
          ],
          [
            33.39449541284404,
            69.14614614614615
          ],
          [
            33.429524603836526,
            69.15715715715716
          ],
          [
            33.46455379482902,
            69.16816816816817
          ],
          [
            33.49958298582152,
            69.17917917917919
          ],
          [
            33.53461217681401,
            69.1901901901902
          ],
          [
            33.53461217681401,
            69.2012012012012
          ],
          [
            33.569641367806504,
            69.21221221221221
          ],
          [
            33.569641367806504,
            69.22322322322323
          ],
          [
            33.53461217681401,
            69.23423423423424
          ],
          [
            33.53461217681401,
            69.24524524524524
          ],
          [
            33.53461217681401,
            69.25625625625625
          ],
          [
            33.53461217681401,
            69.26726726726727
          ],
          [
            33.53461217681401,
            69.27827827827828
          ],
          [
            33.53461217681401,
            69.28928928928929
          ],
          [
            33.53461217681401,
            69.30030030030031
          ],
          [
            33.53461217681401,
            69.31131131131131
          ],
          [
            33.569641367806504,
            69.32232232232232
          ],
          [
            33.604670558799,
            69.33333333333333
          ],
          [
            33.63969974979149,
            69.33333333333333
          ],
          [
            33.674728940783986,
            69.33333333333333
          ],
          [
            33.70975813177648,
            69.34434434434435
          ],
          [
            33.74478732276897,
            69.33333333333333
          ],
          [
            33.77981651376147,
            69.34434434434435
          ],
          [
            33.814845704753964,
            69.35535535535536
          ],
          [
            33.84987489574645,
            69.36636636636636
          ],
          [
            33.88490408673895,
            69.37737737737737
          ],
          [
            33.919933277731445,
            69.38838838838839
          ],
          [
            33.954962468723934,
            69.3993993993994
          ],
          [
            33.98999165971643,
            69.3993993993994
          ],
          [
            34.02502085070893,
            69.3993993993994
          ],
          [
            34.060050041701416,
            69.3993993993994
          ],
          [
            34.09507923269391,
            69.4104104104104
          ],
          [
            34.13010842368641,
            69.4104104104104
          ],
          [
            34.1651376146789,
            69.4104104104104
          ],
          [
            34.200166805671394,
            69.4104104104104
          ],
          [
            34.23519599666388,
            69.4104104104104
          ],
          [
            34.27022518765638,
            69.3993993993994
          ],
          [
            34.305254378648876,
            69.3993993993994
          ],
          [
            34.340283569641365,
            69.3993993993994
          ],
          [
            34.37531276063386,
            69.3993993993994
          ],
          [
            34.41034195162636,
            69.3993993993994
          ],
          [
            34.445371142618846,
            69.3993993993994
          ],
          [
            34.48040033361134,
            69.38838838838839
          ],
          [
            34.51542952460384,
            69.37737737737737
          ],
          [
            34.55045871559633,
            69.36636636636636
          ],
          [
            34.585487906588824,
            69.35535535535536
          ],
          [
            34.62051709758131,
            69.34434434434435
          ],
          [
            34.65554628857381,
            69.33333333333333
          ],
          [
            34.690575479566306,
            69.32232232232232
          ],
          [
            34.725604670558795,
            69.31131131131131
          ],
          [
            34.76063386155129,
            69.30030030030031
          ],
          [
            34.79566305254379,
            69.28928928928929
          ],
          [
            34.83069224353628,
            69.27827827827828
          ],
          [
            34.86572143452877,
            69.26726726726727
          ],
          [
            34.90075062552127,
            69.25625625625625
          ],
          [
            34.93577981651376,
            69.24524524524524
          ],
          [
            34.970809007506254,
            69.23423423423424
          ],
          [
            35.00583819849875,
            69.23423423423424
          ],
          [
            35.04086738949124,
            69.24524524524524
          ],
          [
            35.075896580483736,
            69.25625625625625
          ],
          [
            35.11092577147623,
            69.26726726726727
          ],
          [
            35.14595496246872,
            69.27827827827828
          ],
          [
            35.18098415346122,
            69.28928928928929
          ],
          [
            35.216013344453714,
            69.27827827827828
          ],
          [
            35.2510425354462,
            69.27827827827828
          ],
          [
            35.2860717264387,
            69.27827827827828
          ],
          [
            35.321100917431195,
            69.27827827827828
          ],
          [
            35.356130108423685,
            69.27827827827828
          ],
          [
            35.39115929941618,
            69.26726726726727
          ],
          [
            35.42618849040868,
            69.26726726726727
          ],
          [
            35.461217681401166,
            69.25625625625625
          ],
          [
            35.49624687239366,
            69.25625625625625
          ],
          [
            35.53127606338615,
            69.24524524524524
          ],
          [
            35.56630525437865,
            69.24524524524524
          ],
          [
            35.601334445371144,
            69.23423423423424
          ],
          [
            35.63636363636363,
            69.23423423423424
          ],
          [
            35.67139282735613,
            69.22322322322323
          ],
          [
            35.706422018348626,
            69.22322322322323
          ],
          [
            35.741451209341115,
            69.21221221221221
          ],
          [
            35.77648040033361,
            69.21221221221221
          ],
          [
            35.81150959132611,
            69.2012012012012
          ],
          [
            35.846538782318596,
            69.2012012012012
          ],
          [
            35.88156797331109,
            69.2012012012012
          ],
          [
            35.91659716430358,
            69.1901901901902
          ],
          [
            35.95162635529608,
            69.17917917917919
          ],
          [
            35.986655546288574,
            69.17917917917919
          ],
          [
            36.02168473728106,
            69.16816816816817
          ],
          [
            36.05671392827356,
            69.15715715715716
          ],
          [
            36.091743119266056,
            69.14614614614615
          ],
          [
            36.126772310258545,
            69.13513513513513
          ],
          [
            36.16180150125104,
            69.12412412412412
          ],
          [
            36.19683069224354,
            69.12412412412412
          ],
          [
            36.23185988323603,
            69.12412412412412
          ],
          [
            36.26688907422852,
            69.11311311311312
          ],
          [
            36.30191826522102,
            69.10210210210211
          ],
          [
            36.33694745621351,
            69.09109109109109
          ],
          [
            36.371976647206004,
            69.08008008008008
          ],
          [
            36.4070058381985,
            69.06906906906907
          ],
          [
            36.44203502919099,
            69.05805805805805
          ],
          [
            36.477064220183486,
            69.04704704704704
          ],
          [
            36.51209341117598,
            69.03603603603604
          ],
          [
            36.54712260216847,
            69.02502502502503
          ],
          [
            36.58215179316097,
            69.01401401401401
          ],
          [
            36.617180984153464,
            69.003003003003
          ],
          [
            36.65221017514595,
            69.003003003003
          ],
          [
            36.68723936613845,
            68.991991991992
          ],
          [
            36.722268557130946,
            68.98098098098097
          ],
          [
            36.757297748123435,
            68.96996996996997
          ],
          [
            36.79232693911593,
            68.95895895895896
          ],
          [
            36.82735613010843,
            68.94794794794795
          ],
          [
            36.862385321100916,
            68.94794794794795
          ],
          [
            36.89741451209341,
            68.93693693693693
          ],
          [
            36.9324437030859,
            68.92592592592592
          ],
          [
            36.9674728940784,
            68.91491491491492
          ],
          [
            37.002502085070894,
            68.90390390390391
          ],
          [
            37.03753127606338,
            68.89289289289289
          ],
          [
            37.07256046705588,
            68.88188188188188
          ],
          [
            37.10758965804837,
            68.87087087087087
          ],
          [
            37.142618849040865,
            68.85985985985985
          ],
          [
            37.17764804003336,
            68.85985985985985
          ],
          [
            37.21267723102585,
            68.84884884884885
          ],
          [
            37.24770642201835,
            68.83783783783784
          ],
          [
            37.28273561301084,
            68.82682682682683
          ],
          [
            37.28273561301084,
            68.81581581581581
          ],
          [
            37.31776480400333,
            68.8048048048048
          ],
          [
            37.35279399499583,
            68.7937937937938
          ],
          [
            37.387823185988324,
            68.78278278278279
          ],
          [
            37.42285237698081,
            68.77177177177177
          ],
          [
            37.45788156797331,
            68.76076076076076
          ],
          [
            37.492910758965806,
            68.74974974974975
          ],
          [
            37.527939949958295,
            68.73873873873873
          ],
          [
            37.56296914095079,
            68.73873873873873
          ],
          [
            37.59799833194329,
            68.72772772772772
          ],
          [
            37.63302752293578,
            68.72772772772772
          ],
          [
            37.66805671392827,
            68.71671671671672
          ],
          [
            37.70308590492077,
            68.70570570570571
          ],
          [
            37.73811509591326,
            68.69469469469469
          ],
          [
            37.773144286905755,
            68.68368368368368
          ],
          [
            37.80817347789825,
            68.67267267267268
          ],
          [
            37.84320266889074,
            68.66166166166167
          ],
          [
            37.878231859883236,
            68.65065065065065
          ],
          [
            37.91326105087573,
            68.63963963963964
          ],
          [
            37.94829024186822,
            68.62862862862863
          ],
          [
            37.98331943286072,
            68.61761761761761
          ],
          [
            38.018348623853214,
            68.6066066066066
          ],
          [
            38.0533778148457,
            68.5955955955956
          ],
          [
            38.0884070058382,
            68.58458458458459
          ],
          [
            38.123436196830696,
            68.57357357357357
          ],
          [
            38.158465387823185,
            68.56256256256256
          ],
          [
            38.19349457881568,
            68.55155155155155
          ],
          [
            38.22852376980817,
            68.54054054054055
          ],
          [
            38.263552960800666,
            68.52952952952953
          ],
          [
            38.29858215179316,
            68.51851851851852
          ],
          [
            38.33361134278565,
            68.50750750750751
          ],
          [
            38.36864053377815,
            68.49649649649649
          ],
          [
            38.40366972477064,
            68.48548548548548
          ],
          [
            38.43869891576313,
            68.47447447447448
          ],
          [
            38.47372810675563,
            68.46346346346347
          ],
          [
            38.50875729774812,
            68.45245245245245
          ],
          [
            38.543786488740615,
            68.44144144144144
          ],
          [
            38.57881567973311,
            68.43043043043043
          ],
          [
            38.6138448707256,
            68.41941941941943
          ],
          [
            38.6488740617181,
            68.4084084084084
          ],
          [
            38.68390325271059,
            68.3973973973974
          ],
          [
            38.71893244370308,
            68.38638638638639
          ],
          [
            38.75396163469558,
            68.37537537537537
          ],
          [
            38.788990825688074,
            68.36436436436436
          ],
          [
            38.824020016680564,
            68.35335335335336
          ],
          [
            38.85904920767306,
            68.34234234234235
          ],
          [
            38.894078398665556,
            68.33133133133133
          ],
          [
            38.929107589658045,
            68.32032032032032
          ],
          [
            38.96413678065054,
            68.30930930930931
          ],
          [
            38.99916597164304,
            68.29829829829829
          ],
          [
            39.03419516263553,
            68.28728728728728
          ],
          [
            39.06922435362802,
            68.27627627627628
          ],
          [
            39.10425354462052,
            68.26526526526527
          ],
          [
            39.13928273561301,
            68.25425425425425
          ],
          [
            39.174311926605505,
            68.24324324324324
          ],
          [
            39.209341117598,
            68.23223223223223
          ],
          [
            39.24437030859049,
            68.22122122122121
          ],
          [
            39.279399499582986,
            68.2102102102102
          ],
          [
            39.31442869057548,
            68.1991991991992
          ],
          [
            39.34945788156797,
            68.18818818818819
          ],
          [
            39.38448707256047,
            68.17717717717717
          ],
          [
            39.419516263552964,
            68.17717717717717
          ],
          [
            39.45454545454545,
            68.17717717717717
          ],
          [
            39.48957464553795,
            68.17717717717717
          ],
          [
            39.52460383653044,
            68.17717717717717
          ],
          [
            39.559633027522935,
            68.17717717717717
          ],
          [
            39.59466221851543,
            68.17717717717717
          ],
          [
            39.62969140950792,
            68.17717717717717
          ],
          [
            39.66472060050042,
            68.17717717717717
          ],
          [
            39.699749791492906,
            68.17717717717717
          ],
          [
            39.7347789824854,
            68.17717717717717
          ],
          [
            39.7698081734779,
            68.17717717717717
          ],
          [
            39.80483736447039,
            68.16616616616616
          ],
          [
            39.83986655546288,
            68.15515515515516
          ],
          [
            39.83986655546288,
            68.14414414414415
          ],
          [
            39.87489574645538,
            68.13313313313313
          ],
          [
            39.90992493744787,
            68.13313313313313
          ],
          [
            39.944954128440365,
            68.12212212212212
          ],
          [
            39.944954128440365,
            68.11111111111111
          ],
          [
            39.944954128440365,
            68.1001001001001
          ],
          [
            39.944954128440365,
            68.08908908908909
          ],
          [
            39.944954128440365,
            68.07807807807808
          ],
          [
            39.944954128440365,
            68.06706706706707
          ],
          [
            39.97998331943286,
            68.05605605605605
          ],
          [
            39.97998331943286,
            68.04504504504504
          ],
          [
            40.01501251042535,
            68.03403403403404
          ],
          [
            40.01501251042535,
            68.02302302302303
          ],
          [
            40.05004170141785,
            68.01201201201201
          ],
          [
            40.08507089241034,
            68.001001001001
          ],
          [
            40.12010008340283,
            67.98998998999
          ],
          [
            40.12010008340283,
            67.97897897897897
          ],
          [
            40.15512927439533,
            67.96796796796797
          ],
          [
            40.15512927439533,
            67.95695695695696
          ],
          [
            40.190158465387825,
            67.94594594594595
          ],
          [
            40.225187656380314,
            67.93493493493493
          ],
          [
            40.26021684737281,
            67.93493493493493
          ],
          [
            40.295246038365306,
            67.92392392392392
          ],
          [
            40.330275229357795,
            67.91291291291292
          ],
          [
            40.36530442035029,
            67.90190190190191
          ],
          [
            40.40033361134279,
            67.89089089089089
          ],
          [
            40.43536280233528,
            67.87987987987988
          ],
          [
            40.43536280233528,
            67.86886886886887
          ],
          [
            40.43536280233528,
            67.85785785785785
          ],
          [
            40.40033361134279,
            67.84684684684684
          ],
          [
            40.36530442035029,
            67.83583583583584
          ],
          [
            40.36530442035029,
            67.82482482482483
          ],
          [
            40.36530442035029,
            67.81381381381381
          ],
          [
            40.40033361134279,
            67.8028028028028
          ],
          [
            40.43536280233528,
            67.8028028028028
          ],
          [
            40.47039199332777,
            67.8028028028028
          ],
          [
            40.50542118432027,
            67.8028028028028
          ],
          [
            40.54045037531276,
            67.8028028028028
          ],
          [
            40.575479566305255,
            67.81381381381381
          ],
          [
            40.61050875729775,
            67.81381381381381
          ],
          [
            40.64553794829024,
            67.81381381381381
          ],
          [
            40.680567139282736,
            67.8028028028028
          ],
          [
            40.680567139282736,
            67.7917917917918
          ],
          [
            40.71559633027523,
            67.78078078078079
          ],
          [
            40.71559633027523,
            67.76976976976977
          ],
          [
            40.75062552126772,
            67.75875875875876
          ],
          [
            40.78565471226022,
            67.74774774774775
          ],
          [
            40.82068390325271,
            67.73673673673673
          ],
          [
            40.8557130942452,
            67.73673673673673
          ],
          [
            40.89074228523769,
            67.73673673673673
          ],
          [
            40.92577147623019,
            67.73673673673673
          ],
          [
            40.960800667222685,
            67.73673673673673
          ],
          [
            40.995829858215174,
            67.72572572572572
          ],
          [
            40.995829858215174,
            67.71471471471472
          ],
          [
            41.03085904920767,
            67.70370370370371
          ],
          [
            41.03085904920767,
            67.69269269269269
          ],
          [
            41.06588824020017,
            67.68168168168168
          ],
          [
            41.06588824020017,
            67.67067067067067
          ],
          [
            41.06588824020017,
            67.65965965965967
          ],
          [
            41.06588824020017,
            67.64864864864865
          ],
          [
            41.06588824020017,
            67.63763763763764
          ],
          [
            41.06588824020017,
            67.62662662662663
          ],
          [
            41.06588824020017,
            67.61561561561561
          ],
          [
            41.06588824020017,
            67.6046046046046
          ],
          [
            41.03085904920767,
            67.5935935935936
          ],
          [
            41.03085904920767,
            67.58258258258259
          ],
          [
            41.03085904920767,
            67.57157157157157
          ],
          [
            40.995829858215174,
            67.56056056056056
          ],
          [
            41.03085904920767,
            67.54954954954955
          ],
          [
            41.03085904920767,
            67.53853853853853
          ],
          [
            41.03085904920767,
            67.52752752752752
          ],
          [
            41.03085904920767,
            67.51651651651652
          ],
          [
            41.03085904920767,
            67.50550550550551
          ],
          [
            41.03085904920767,
            67.49449449449449
          ],
          [
            41.03085904920767,
            67.48348348348348
          ],
          [
            41.06588824020017,
            67.47247247247248
          ],
          [
            41.100917431192656,
            67.46146146146147
          ],
          [
            41.13594662218515,
            67.45045045045045
          ],
          [
            41.13594662218515,
            67.43943943943944
          ],
          [
            41.17097581317765,
            67.42842842842843
          ],
          [
            41.17097581317765,
            67.41741741741741
          ],
          [
            41.17097581317765,
            67.4064064064064
          ],
          [
            41.17097581317765,
            67.3953953953954
          ],
          [
            41.17097581317765,
            67.38438438438439
          ],
          [
            41.17097581317765,
            67.37337337337337
          ],
          [
            41.17097581317765,
            67.36236236236236
          ],
          [
            41.17097581317765,
            67.35135135135135
          ],
          [
            41.17097581317765,
            67.34034034034033
          ],
          [
            41.13594662218515,
            67.32932932932933
          ],
          [
            41.13594662218515,
            67.31831831831832
          ],
          [
            41.13594662218515,
            67.30730730730731
          ],
          [
            41.13594662218515,
            67.29629629629629
          ],
          [
            41.13594662218515,
            67.28528528528528
          ],
          [
            41.13594662218515,
            67.27427427427428
          ],
          [
            41.13594662218515,
            67.26326326326327
          ],
          [
            41.13594662218515,
            67.25225225225225
          ],
          [
            41.17097581317765,
            67.24124124124124
          ],
          [
            41.20600500417014,
            67.24124124124124
          ],
          [
            41.241034195162634,
            67.24124124124124
          ],
          [
            41.27606338615513,
            67.24124124124124
          ],
          [
            41.31109257714762,
            67.24124124124124
          ],
          [
            41.346121768140115,
            67.23023023023023
          ],
          [
            41.38115095913261,
            67.21921921921921
          ],
          [
            41.38115095913261,
            67.2082082082082
          ],
          [
            41.38115095913261,
            67.1971971971972
          ],
          [
            41.38115095913261,
            67.18618618618619
          ],
          [
            41.346121768140115,
            67.17517517517517
          ],
          [
            41.346121768140115,
            67.16416416416416
          ],
          [
            41.346121768140115,
            67.15315315315316
          ],
          [
            41.38115095913261,
            67.14214214214215
          ],
          [
            41.4161801501251,
            67.13113113113113
          ],
          [
            41.4161801501251,
            67.12012012012012
          ],
          [
            41.4161801501251,
            67.10910910910911
          ],
          [
            41.38115095913261,
            67.09809809809809
          ],
          [
            41.346121768140115,
            67.08708708708708
          ],
          [
            41.346121768140115,
            67.07607607607608
          ],
          [
            41.346121768140115,
            67.06506506506507
          ],
          [
            41.346121768140115,
            67.05405405405405
          ],
          [
            41.346121768140115,
            67.04304304304304
          ],
          [
            41.38115095913261,
            67.03203203203203
          ],
          [
            41.38115095913261,
            67.02102102102103
          ],
          [
            41.38115095913261,
            67.01001001001
          ],
          [
            41.346121768140115,
            66.998998998999
          ],
          [
            41.31109257714762,
            66.98798798798799
          ],
          [
            41.31109257714762,
            66.97697697697697
          ],
          [
            41.31109257714762,
            66.96596596596596
          ],
          [
            41.31109257714762,
            66.95495495495496
          ],
          [
            41.31109257714762,
            66.94394394394395
          ],
          [
            41.31109257714762,
            66.93293293293293
          ],
          [
            41.31109257714762,
            66.92192192192192
          ],
          [
            41.31109257714762,
            66.91091091091091
          ],
          [
            41.27606338615513,
            66.8998998998999
          ],
          [
            41.27606338615513,
            66.88888888888889
          ],
          [
            41.27606338615513,
            66.87787787787788
          ],
          [
            41.241034195162634,
            66.86686686686687
          ],
          [
            41.241034195162634,
            66.85585585585585
          ],
          [
            41.241034195162634,
            66.84484484484484
          ],
          [
            41.20600500417014,
            66.83383383383384
          ],
          [
            41.20600500417014,
            66.82282282282283
          ],
          [
            41.20600500417014,
            66.81181181181181
          ],
          [
            41.17097581317765,
            66.8008008008008
          ],
          [
            41.17097581317765,
            66.7897897897898
          ],
          [
            41.13594662218515,
            66.77877877877877
          ],
          [
            41.100917431192656,
            66.76776776776777
          ],
          [
            41.100917431192656,
            66.75675675675676
          ],
          [
            41.06588824020017,
            66.74574574574575
          ],
          [
            41.03085904920767,
            66.73473473473473
          ],
          [
            41.03085904920767,
            66.72372372372372
          ],
          [
            40.995829858215174,
            66.71271271271272
          ],
          [
            40.995829858215174,
            66.70170170170171
          ],
          [
            40.960800667222685,
            66.69069069069069
          ],
          [
            40.960800667222685,
            66.67967967967968
          ],
          [
            40.92577147623019,
            66.66866866866867
          ],
          [
            40.89074228523769,
            66.65765765765765
          ],
          [
            40.8557130942452,
            66.64664664664664
          ],
          [
            40.8557130942452,
            66.63563563563564
          ],
          [
            40.82068390325271,
            66.62462462462463
          ],
          [
            40.82068390325271,
            66.61361361361361
          ],
          [
            40.78565471226022,
            66.6026026026026
          ],
          [
            40.75062552126772,
            66.5915915915916
          ],
          [
            40.75062552126772,
            66.58058058058057
          ],
          [
            40.75062552126772,
            66.56956956956957
          ],
          [
            40.75062552126772,
            66.55855855855856
          ],
          [
            40.75062552126772,
            66.54754754754755
          ],
          [
            40.71559633027523,
            66.53653653653653
          ],
          [
            40.71559633027523,
            66.52552552552552
          ],
          [
            40.680567139282736,
            66.51451451451452
          ],
          [
            40.64553794829024,
            66.50350350350351
          ],
          [
            40.61050875729775,
            66.49249249249249
          ],
          [
            40.61050875729775,
            66.48148148148148
          ],
          [
            40.61050875729775,
            66.47047047047047
          ],
          [
            40.575479566305255,
            66.45945945945945
          ],
          [
            40.54045037531276,
            66.44844844844845
          ],
          [
            40.50542118432027,
            66.43743743743744
          ],
          [
            40.50542118432027,
            66.42642642642643
          ],
          [
            40.47039199332777,
            66.41541541541541
          ],
          [
            40.47039199332777,
            66.4044044044044
          ],
          [
            40.43536280233528,
            66.3933933933934
          ],
          [
            40.40033361134279,
            66.38238238238239
          ],
          [
            40.36530442035029,
            66.37137137137137
          ],
          [
            40.330275229357795,
            66.36036036036036
          ],
          [
            40.295246038365306,
            66.34934934934935
          ],
          [
            40.26021684737281,
            66.33833833833833
          ],
          [
            40.225187656380314,
            66.32732732732732
          ],
          [
            40.190158465387825,
            66.31631631631632
          ],
          [
            40.15512927439533,
            66.30530530530531
          ],
          [
            40.12010008340283,
            66.29429429429429
          ],
          [
            40.08507089241034,
            66.28328328328328
          ],
          [
            40.05004170141785,
            66.27227227227228
          ],
          [
            40.01501251042535,
            66.26126126126127
          ],
          [
            39.97998331943286,
            66.25025025025025
          ],
          [
            39.944954128440365,
            66.23923923923924
          ],
          [
            39.944954128440365,
            66.22822822822823
          ],
          [
            39.944954128440365,
            66.21721721721721
          ],
          [
            39.944954128440365,
            66.2062062062062
          ],
          [
            39.944954128440365,
            66.1951951951952
          ],
          [
            39.90992493744787,
            66.18418418418419
          ],
          [
            39.90992493744787,
            66.17317317317317
          ],
          [
            39.90992493744787,
            66.16216216216216
          ],
          [
            39.90992493744787,
            66.15115115115115
          ],
          [
            39.90992493744787,
            66.14014014014015
          ],
          [
            39.90992493744787,
            66.12912912912913
          ],
          [
            39.90992493744787,
            66.11811811811812
          ],
          [
            39.90992493744787,
            66.10710710710711
          ],
          [
            39.90992493744787,
            66.09609609609609
          ],
          [
            39.90992493744787,
            66.08508508508508
          ],
          [
            39.90992493744787,
            66.07407407407408
          ],
          [
            39.90992493744787,
            66.06306306306307
          ],
          [
            39.90992493744787,
            66.05205205205205
          ],
          [
            39.90992493744787,
            66.04104104104104
          ],
          [
            39.90992493744787,
            66.03003003003003
          ],
          [
            39.90992493744787,
            66.01901901901903
          ],
          [
            39.90992493744787,
            66.008008008008
          ],
          [
            39.90992493744787,
            65.996996996997
          ],
          [
            39.90992493744787,
            65.98598598598599
          ],
          [
            39.90992493744787,
            65.97497497497497
          ],
          [
            39.90992493744787,
            65.96396396396396
          ],
          [
            39.90992493744787,
            65.95295295295296
          ],
          [
            39.90992493744787,
            65.94194194194195
          ],
          [
            39.90992493744787,
            65.93093093093093
          ],
          [
            39.90992493744787,
            65.91991991991992
          ],
          [
            39.90992493744787,
            65.90890890890891
          ],
          [
            39.90992493744787,
            65.89789789789789
          ],
          [
            39.90992493744787,
            65.88688688688688
          ],
          [
            39.90992493744787,
            65.87587587587588
          ],
          [
            39.90992493744787,
            65.86486486486487
          ],
          [
            39.90992493744787,
            65.85385385385385
          ],
          [
            39.90992493744787,
            65.84284284284284
          ],
          [
            39.90992493744787,
            65.83183183183183
          ],
          [
            39.90992493744787,
            65.82082082082083
          ],
          [
            39.90992493744787,
            65.8098098098098
          ],
          [
            39.90992493744787,
            65.7987987987988
          ],
          [
            39.90992493744787,
            65.78778778778779
          ],
          [
            39.90992493744787,
            65.77677677677677
          ],
          [
            39.90992493744787,
            65.76576576576576
          ],
          [
            39.87489574645538,
            65.75475475475476
          ],
          [
            39.87489574645538,
            65.74374374374375
          ],
          [
            39.87489574645538,
            65.73273273273273
          ],
          [
            39.87489574645538,
            65.72172172172172
          ],
          [
            39.87489574645538,
            65.71071071071071
          ],
          [
            39.87489574645538,
            65.69969969969969
          ],
          [
            39.87489574645538,
            65.68868868868869
          ],
          [
            39.87489574645538,
            65.67767767767768
          ],
          [
            39.87489574645538,
            65.66666666666667
          ],
          [
            39.87489574645538,
            65.65565565565565
          ],
          [
            39.87489574645538,
            65.64464464464464
          ],
          [
            39.87489574645538,
            65.63363363363364
          ],
          [
            39.87489574645538,
            65.62262262262263
          ],
          [
            39.83986655546288,
            65.61161161161161
          ],
          [
            39.80483736447039,
            65.6006006006006
          ],
          [
            39.7698081734779,
            65.5895895895896
          ],
          [
            39.7698081734779,
            65.57857857857857
          ],
          [
            39.7698081734779,
            65.56756756756756
          ],
          [
            39.7347789824854,
            65.55655655655656
          ],
          [
            39.7347789824854,
            65.54554554554555
          ],
          [
            39.7347789824854,
            65.53453453453453
          ],
          [
            39.699749791492906,
            65.52352352352352
          ],
          [
            39.699749791492906,
            65.51251251251252
          ],
          [
            39.699749791492906,
            65.50150150150151
          ],
          [
            39.699749791492906,
            65.49049049049049
          ],
          [
            39.699749791492906,
            65.47947947947948
          ],
          [
            39.699749791492906,
            65.46846846846847
          ],
          [
            39.699749791492906,
            65.45745745745745
          ],
          [
            39.699749791492906,
            65.44644644644644
          ],
          [
            39.699749791492906,
            65.43543543543544
          ],
          [
            39.699749791492906,
            65.42442442442443
          ],
          [
            39.699749791492906,
            65.41341341341341
          ],
          [
            39.699749791492906,
            65.4024024024024
          ],
          [
            39.699749791492906,
            65.3913913913914
          ],
          [
            39.699749791492906,
            65.38038038038039
          ],
          [
            39.699749791492906,
            65.36936936936937
          ],
          [
            39.7347789824854,
            65.35835835835836
          ],
          [
            39.7347789824854,
            65.34734734734735
          ],
          [
            39.7347789824854,
            65.33633633633633
          ],
          [
            39.7698081734779,
            65.32532532532532
          ],
          [
            39.7698081734779,
            65.31431431431432
          ],
          [
            39.7698081734779,
            65.30330330330331
          ],
          [
            39.7698081734779,
            65.29229229229229
          ],
          [
            39.7698081734779,
            65.28128128128128
          ],
          [
            39.7698081734779,
            65.27027027027027
          ],
          [
            39.7698081734779,
            65.25925925925925
          ],
          [
            39.7698081734779,
            65.24824824824825
          ],
          [
            39.7698081734779,
            65.23723723723724
          ],
          [
            39.7698081734779,
            65.22622622622623
          ],
          [
            39.7698081734779,
            65.21521521521521
          ],
          [
            39.7698081734779,
            65.2042042042042
          ],
          [
            39.7698081734779,
            65.1931931931932
          ],
          [
            39.7698081734779,
            65.18218218218219
          ],
          [
            39.7698081734779,
            65.17117117117117
          ],
          [
            39.7698081734779,
            65.16016016016016
          ],
          [
            39.7698081734779,
            65.14914914914915
          ],
          [
            39.7698081734779,
            65.13813813813813
          ],
          [
            39.7698081734779,
            65.12712712712712
          ],
          [
            39.7698081734779,
            65.11611611611612
          ],
          [
            39.7698081734779,
            65.10510510510511
          ],
          [
            39.7698081734779,
            65.09409409409409
          ],
          [
            39.7698081734779,
            65.08308308308308
          ],
          [
            39.7698081734779,
            65.07207207207207
          ],
          [
            39.7698081734779,
            65.06106106106107
          ],
          [
            39.7698081734779,
            65.05005005005005
          ],
          [
            39.7698081734779,
            65.03903903903904
          ],
          [
            39.7698081734779,
            65.02802802802803
          ],
          [
            39.7698081734779,
            65.01701701701701
          ],
          [
            39.7698081734779,
            65.006006006006
          ],
          [
            39.7698081734779,
            64.994994994995
          ],
          [
            39.7698081734779,
            64.98398398398399
          ],
          [
            39.80483736447039,
            64.97297297297297
          ],
          [
            39.80483736447039,
            64.96196196196196
          ],
          [
            39.80483736447039,
            64.95095095095095
          ],
          [
            39.80483736447039,
            64.93993993993993
          ],
          [
            39.80483736447039,
            64.92892892892893
          ],
          [
            39.80483736447039,
            64.91791791791792
          ],
          [
            39.80483736447039,
            64.90690690690691
          ],
          [
            39.80483736447039,
            64.89589589589589
          ],
          [
            39.80483736447039,
            64.88488488488488
          ],
          [
            39.80483736447039,
            64.87387387387388
          ],
          [
            39.80483736447039,
            64.86286286286287
          ],
          [
            39.80483736447039,
            64.85185185185185
          ],
          [
            39.80483736447039,
            64.84084084084084
          ],
          [
            39.80483736447039,
            64.82982982982983
          ],
          [
            39.80483736447039,
            64.81881881881881
          ],
          [
            39.80483736447039,
            64.8078078078078
          ],
          [
            39.80483736447039,
            64.7967967967968
          ],
          [
            39.83986655546288,
            64.8078078078078
          ],
          [
            39.87489574645538,
            64.81881881881881
          ],
          [
            39.90992493744787,
            64.82982982982983
          ],
          [
            39.944954128440365,
            64.84084084084084
          ],
          [
            39.97998331943286,
            64.85185185185185
          ],
          [
            40.01501251042535,
            64.86286286286287
          ],
          [
            40.05004170141785,
            64.87387387387388
          ],
          [
            40.08507089241034,
            64.88488488488488
          ],
          [
            40.12010008340283,
            64.89589589589589
          ],
          [
            40.15512927439533,
            64.90690690690691
          ],
          [
            40.190158465387825,
            64.91791791791792
          ],
          [
            40.225187656380314,
            64.92892892892893
          ],
          [
            40.26021684737281,
            64.93993993993993
          ],
          [
            40.295246038365306,
            64.95095095095095
          ],
          [
            40.330275229357795,
            64.96196196196196
          ],
          [
            40.295246038365306,
            64.97297297297297
          ],
          [
            40.295246038365306,
            64.98398398398399
          ],
          [
            40.26021684737281,
            64.994994994995
          ],
          [
            40.26021684737281,
            65.006006006006
          ],
          [
            40.26021684737281,
            65.01701701701701
          ],
          [
            40.225187656380314,
            65.02802802802803
          ],
          [
            40.190158465387825,
            65.03903903903904
          ],
          [
            40.15512927439533,
            65.05005005005005
          ],
          [
            40.12010008340283,
            65.06106106106107
          ],
          [
            40.08507089241034,
            65.07207207207207
          ],
          [
            40.08507089241034,
            65.08308308308308
          ],
          [
            40.08507089241034,
            65.09409409409409
          ],
          [
            40.05004170141785,
            65.10510510510511
          ],
          [
            40.05004170141785,
            65.11611611611612
          ],
          [
            40.05004170141785,
            65.12712712712712
          ],
          [
            40.01501251042535,
            65.13813813813813
          ],
          [
            40.01501251042535,
            65.14914914914915
          ],
          [
            39.97998331943286,
            65.16016016016016
          ],
          [
            39.97998331943286,
            65.17117117117117
          ],
          [
            39.97998331943286,
            65.18218218218219
          ],
          [
            39.944954128440365,
            65.1931931931932
          ],
          [
            39.944954128440365,
            65.2042042042042
          ],
          [
            39.944954128440365,
            65.21521521521521
          ],
          [
            39.90992493744787,
            65.22622622622623
          ],
          [
            39.90992493744787,
            65.23723723723724
          ],
          [
            39.87489574645538,
            65.24824824824825
          ],
          [
            39.87489574645538,
            65.25925925925925
          ],
          [
            39.87489574645538,
            65.27027027027027
          ],
          [
            39.83986655546288,
            65.28128128128128
          ],
          [
            39.83986655546288,
            65.29229229229229
          ],
          [
            39.80483736447039,
            65.30330330330331
          ],
          [
            39.7698081734779,
            65.31431431431432
          ],
          [
            39.7698081734779,
            65.32532532532532
          ],
          [
            39.7347789824854,
            65.33633633633633
          ],
          [
            39.7347789824854,
            65.34734734734735
          ],
          [
            39.7347789824854,
            65.35835835835836
          ],
          [
            39.699749791492906,
            65.36936936936937
          ],
          [
            39.699749791492906,
            65.38038038038039
          ],
          [
            39.699749791492906,
            65.3913913913914
          ],
          [
            39.699749791492906,
            65.4024024024024
          ],
          [
            39.699749791492906,
            65.41341341341341
          ],
          [
            39.699749791492906,
            65.42442442442443
          ],
          [
            39.699749791492906,
            65.43543543543544
          ],
          [
            39.699749791492906,
            65.44644644644644
          ],
          [
            39.699749791492906,
            65.45745745745745
          ],
          [
            39.699749791492906,
            65.46846846846847
          ],
          [
            39.699749791492906,
            65.47947947947948
          ],
          [
            39.699749791492906,
            65.49049049049049
          ],
          [
            39.699749791492906,
            65.50150150150151
          ],
          [
            39.699749791492906,
            65.51251251251252
          ],
          [
            39.699749791492906,
            65.52352352352352
          ],
          [
            39.7347789824854,
            65.53453453453453
          ],
          [
            39.7347789824854,
            65.54554554554555
          ],
          [
            39.7347789824854,
            65.55655655655656
          ],
          [
            39.7698081734779,
            65.56756756756756
          ],
          [
            39.7698081734779,
            65.57857857857857
          ],
          [
            39.7698081734779,
            65.5895895895896
          ],
          [
            39.80483736447039,
            65.6006006006006
          ],
          [
            39.83986655546288,
            65.61161161161161
          ],
          [
            39.87489574645538,
            65.62262262262263
          ],
          [
            39.87489574645538,
            65.63363363363364
          ],
          [
            39.90992493744787,
            65.64464464464464
          ],
          [
            39.944954128440365,
            65.65565565565565
          ],
          [
            39.97998331943286,
            65.66666666666667
          ],
          [
            40.01501251042535,
            65.67767767767768
          ],
          [
            40.05004170141785,
            65.68868868868869
          ],
          [
            40.08507089241034,
            65.69969969969969
          ],
          [
            40.12010008340283,
            65.71071071071071
          ],
          [
            40.15512927439533,
            65.72172172172172
          ],
          [
            40.190158465387825,
            65.73273273273273
          ],
          [
            40.225187656380314,
            65.74374374374375
          ],
          [
            40.26021684737281,
            65.75475475475476
          ],
          [
            40.295246038365306,
            65.76576576576576
          ],
          [
            40.330275229357795,
            65.77677677677677
          ],
          [
            40.36530442035029,
            65.78778778778779
          ],
          [
            40.40033361134279,
            65.7987987987988
          ],
          [
            40.43536280233528,
            65.8098098098098
          ],
          [
            40.47039199332777,
            65.82082082082083
          ],
          [
            40.47039199332777,
            65.83183183183183
          ],
          [
            40.50542118432027,
            65.84284284284284
          ],
          [
            40.50542118432027,
            65.85385385385385
          ],
          [
            40.54045037531276,
            65.86486486486487
          ],
          [
            40.54045037531276,
            65.87587587587588
          ],
          [
            40.54045037531276,
            65.88688688688688
          ],
          [
            40.575479566305255,
            65.89789789789789
          ],
          [
            40.575479566305255,
            65.90890890890891
          ],
          [
            40.61050875729775,
            65.91991991991992
          ],
          [
            40.61050875729775,
            65.93093093093093
          ],
          [
            40.64553794829024,
            65.94194194194195
          ],
          [
            40.64553794829024,
            65.95295295295296
          ],
          [
            40.680567139282736,
            65.96396396396396
          ],
          [
            40.71559633027523,
            65.97497497497497
          ],
          [
            40.75062552126772,
            65.98598598598599
          ],
          [
            40.78565471226022,
            65.996996996997
          ],
          [
            40.82068390325271,
            66.008008008008
          ],
          [
            40.8557130942452,
            66.01901901901903
          ],
          [
            40.89074228523769,
            66.03003003003003
          ],
          [
            40.92577147623019,
            66.04104104104104
          ],
          [
            40.960800667222685,
            66.05205205205205
          ],
          [
            40.995829858215174,
            66.06306306306307
          ],
          [
            41.03085904920767,
            66.07407407407408
          ],
          [
            41.06588824020017,
            66.08508508508508
          ],
          [
            41.100917431192656,
            66.09609609609609
          ],
          [
            41.13594662218515,
            66.10710710710711
          ],
          [
            41.17097581317765,
            66.11811811811812
          ],
          [
            41.20600500417014,
            66.12912912912913
          ],
          [
            41.241034195162634,
            66.14014014014015
          ],
          [
            41.27606338615513,
            66.15115115115115
          ],
          [
            41.31109257714762,
            66.16216216216216
          ],
          [
            41.346121768140115,
            66.17317317317317
          ],
          [
            41.38115095913261,
            66.18418418418419
          ],
          [
            41.4161801501251,
            66.1951951951952
          ],
          [
            41.4512093411176,
            66.2062062062062
          ],
          [
            41.48623853211009,
            66.21721721721721
          ],
          [
            41.52126772310258,
            66.22822822822823
          ],
          [
            41.55629691409508,
            66.23923923923924
          ],
          [
            41.591326105087575,
            66.25025025025025
          ],
          [
            41.626355296080064,
            66.26126126126127
          ],
          [
            41.66138448707256,
            66.27227227227228
          ],
          [
            41.696413678065056,
            66.28328328328328
          ],
          [
            41.731442869057545,
            66.29429429429429
          ],
          [
            41.76647206005004,
            66.30530530530531
          ],
          [
            41.80150125104254,
            66.31631631631632
          ],
          [
            41.83653044203503,
            66.32732732732732
          ],
          [
            41.87155963302752,
            66.33833833833833
          ],
          [
            41.90658882402002,
            66.34934934934935
          ],
          [
            41.94161801501251,
            66.36036036036036
          ],
          [
            41.94161801501251,
            66.37137137137137
          ],
          [
            41.976647206005005,
            66.38238238238239
          ],
          [
            41.976647206005005,
            66.3933933933934
          ],
          [
            41.976647206005005,
            66.4044044044044
          ],
          [
            42.0116763969975,
            66.41541541541541
          ],
          [
            42.0116763969975,
            66.42642642642643
          ],
          [
            42.04670558798999,
            66.43743743743744
          ],
          [
            42.04670558798999,
            66.44844844844845
          ],
          [
            42.04670558798999,
            66.45945945945945
          ],
          [
            42.08173477898249,
            66.47047047047047
          ],
          [
            42.08173477898249,
            66.48148148148148
          ],
          [
            42.08173477898249,
            66.49249249249249
          ],
          [
            42.116763969974976,
            66.50350350350351
          ],
          [
            42.116763969974976,
            66.51451451451452
          ],
          [
            42.15179316096747,
            66.52552552552552
          ],
          [
            42.18682235195996,
            66.53653653653653
          ],
          [
            42.22185154295246,
            66.54754754754755
          ],
          [
            42.22185154295246,
            66.55855855855856
          ],
          [
            42.22185154295246,
            66.56956956956957
          ],
          [
            42.22185154295246,
            66.58058058058057
          ],
          [
            42.22185154295246,
            66.5915915915916
          ],
          [
            42.25688073394495,
            66.6026026026026
          ],
          [
            42.29190992493744,
            66.61361361361361
          ],
          [
            42.32693911592994,
            66.62462462462463
          ],
          [
            42.361968306922435,
            66.63563563563564
          ],
          [
            42.396997497914924,
            66.64664664664664
          ],
          [
            42.43202668890742,
            66.65765765765765
          ],
          [
            42.43202668890742,
            66.66866866866867
          ],
          [
            42.43202668890742,
            66.67967967967968
          ],
          [
            42.43202668890742,
            66.69069069069069
          ],
          [
            42.43202668890742,
            66.70170170170171
          ],
          [
            42.43202668890742,
            66.71271271271272
          ],
          [
            42.43202668890742,
            66.72372372372372
          ],
          [
            42.43202668890742,
            66.73473473473473
          ],
          [
            42.396997497914924,
            66.74574574574575
          ],
          [
            42.43202668890742,
            66.75675675675676
          ],
          [
            42.43202668890742,
            66.76776776776777
          ],
          [
            42.43202668890742,
            66.77877877877877
          ],
          [
            42.43202668890742,
            66.7897897897898
          ],
          [
            42.43202668890742,
            66.8008008008008
          ],
          [
            42.46705587989992,
            66.81181181181181
          ],
          [
            42.502085070892406,
            66.82282282282283
          ],
          [
            42.5371142618849,
            66.83383383383384
          ],
          [
            42.5721434528774,
            66.84484484484484
          ],
          [
            42.60717264386989,
            66.85585585585585
          ],
          [
            42.642201834862384,
            66.86686686686687
          ],
          [
            42.67723102585488,
            66.87787787787788
          ],
          [
            42.71226021684737,
            66.88888888888889
          ],
          [
            42.747289407839865,
            66.8998998998999
          ],
          [
            42.78231859883236,
            66.91091091091091
          ],
          [
            42.81734778982485,
            66.92192192192192
          ],
          [
            42.85237698081735,
            66.93293293293293
          ],
          [
            42.88740617180984,
            66.94394394394395
          ],
          [
            42.92243536280233,
            66.95495495495496
          ],
          [
            42.95746455379483,
            66.96596596596596
          ],
          [
            42.95746455379483,
            66.97697697697697
          ],
          [
            42.95746455379483,
            66.98798798798799
          ],
          [
            42.95746455379483,
            66.998998998999
          ],
          [
            42.95746455379483,
            67.01001001001
          ],
          [
            42.95746455379483,
            67.02102102102103
          ],
          [
            42.95746455379483,
            67.03203203203203
          ],
          [
            42.95746455379483,
            67.04304304304304
          ],
          [
            42.95746455379483,
            67.05405405405405
          ],
          [
            42.95746455379483,
            67.06506506506507
          ],
          [
            42.992493744787325,
            67.07607607607608
          ],
          [
            43.027522935779814,
            67.08708708708708
          ],
          [
            43.06255212677231,
            67.09809809809809
          ],
          [
            43.097581317764806,
            67.10910910910911
          ],
          [
            43.132610508757296,
            67.12012012012012
          ],
          [
            43.16763969974979,
            67.13113113113113
          ],
          [
            43.20266889074229,
            67.14214214214215
          ],
          [
            43.23769808173478,
            67.15315315315316
          ],
          [
            43.27272727272727,
            67.16416416416416
          ],
          [
            43.30775646371976,
            67.17517517517517
          ],
          [
            43.34278565471226,
            67.18618618618619
          ],
          [
            43.377814845704755,
            67.1971971971972
          ],
          [
            43.412844036697244,
            67.2082082082082
          ],
          [
            43.44787322768974,
            67.21921921921921
          ],
          [
            43.48290241868223,
            67.23023023023023
          ],
          [
            43.517931609674726,
            67.24124124124124
          ],
          [
            43.55296080066722,
            67.25225225225225
          ],
          [
            43.58798999165971,
            67.26326326326327
          ],
          [
            43.62301918265221,
            67.27427427427428
          ],
          [
            43.658048373644704,
            67.28528528528528
          ],
          [
            43.69307756463719,
            67.29629629629629
          ],
          [
            43.72810675562969,
            67.30730730730731
          ],
          [
            43.763135946622185,
            67.31831831831832
          ],
          [
            43.763135946622185,
            67.32932932932933
          ],
          [
            43.763135946622185,
            67.34034034034033
          ],
          [
            43.798165137614674,
            67.35135135135135
          ],
          [
            43.798165137614674,
            67.36236236236236
          ],
          [
            43.798165137614674,
            67.37337337337337
          ],
          [
            43.798165137614674,
            67.38438438438439
          ],
          [
            43.83319432860717,
            67.3953953953954
          ],
          [
            43.83319432860717,
            67.4064064064064
          ],
          [
            43.83319432860717,
            67.41741741741741
          ],
          [
            43.83319432860717,
            67.42842842842843
          ],
          [
            43.86822351959967,
            67.43943943943944
          ],
          [
            43.86822351959967,
            67.45045045045045
          ],
          [
            43.86822351959967,
            67.46146146146147
          ],
          [
            43.903252710592156,
            67.47247247247248
          ],
          [
            43.903252710592156,
            67.48348348348348
          ],
          [
            43.903252710592156,
            67.49449449449449
          ],
          [
            43.903252710592156,
            67.50550550550551
          ],
          [
            43.93828190158465,
            67.51651651651652
          ],
          [
            43.93828190158465,
            67.52752752752752
          ],
          [
            43.93828190158465,
            67.53853853853853
          ],
          [
            43.97331109257715,
            67.54954954954955
          ],
          [
            43.97331109257715,
            67.56056056056056
          ],
          [
            43.97331109257715,
            67.57157157157157
          ],
          [
            43.97331109257715,
            67.58258258258259
          ],
          [
            44.00834028356964,
            67.5935935935936
          ],
          [
            44.00834028356964,
            67.6046046046046
          ],
          [
            44.00834028356964,
            67.61561561561561
          ],
          [
            44.00834028356964,
            67.62662662662663
          ],
          [
            44.00834028356964,
            67.63763763763764
          ],
          [
            44.00834028356964,
            67.64864864864865
          ],
          [
            44.00834028356964,
            67.65965965965967
          ],
          [
            44.00834028356964,
            67.67067067067067
          ],
          [
            44.043369474562134,
            67.68168168168168
          ],
          [
            44.07839866555463,
            67.69269269269269
          ],
          [
            44.07839866555463,
            67.70370370370371
          ],
          [
            44.043369474562134,
            67.71471471471472
          ],
          [
            44.043369474562134,
            67.72572572572572
          ],
          [
            44.07839866555463,
            67.73673673673673
          ],
          [
            44.07839866555463,
            67.74774774774775
          ],
          [
            44.07839866555463,
            67.75875875875876
          ],
          [
            44.11342785654712,
            67.76976976976977
          ],
          [
            44.11342785654712,
            67.78078078078079
          ],
          [
            44.11342785654712,
            67.7917917917918
          ],
          [
            44.11342785654712,
            67.8028028028028
          ],
          [
            44.11342785654712,
            67.81381381381381
          ],
          [
            44.11342785654712,
            67.82482482482483
          ],
          [
            44.07839866555463,
            67.83583583583584
          ],
          [
            44.07839866555463,
            67.84684684684684
          ],
          [
            44.07839866555463,
            67.85785785785785
          ],
          [
            44.07839866555463,
            67.86886886886887
          ],
          [
            44.07839866555463,
            67.87987987987988
          ],
          [
            44.07839866555463,
            67.89089089089089
          ],
          [
            44.11342785654712,
            67.90190190190191
          ],
          [
            44.148457047539615,
            67.91291291291292
          ],
          [
            44.148457047539615,
            67.92392392392392
          ],
          [
            44.11342785654712,
            67.93493493493493
          ],
          [
            44.11342785654712,
            67.94594594594595
          ],
          [
            44.11342785654712,
            67.95695695695696
          ],
          [
            44.11342785654712,
            67.96796796796797
          ],
          [
            44.11342785654712,
            67.97897897897897
          ],
          [
            44.148457047539615,
            67.98998998999
          ],
          [
            44.11342785654712,
            68.001001001001
          ],
          [
            44.148457047539615,
            68.01201201201201
          ],
          [
            44.18348623853211,
            68.02302302302303
          ],
          [
            44.18348623853211,
            68.03403403403404
          ],
          [
            44.148457047539615,
            68.04504504504504
          ],
          [
            44.148457047539615,
            68.05605605605605
          ],
          [
            44.148457047539615,
            68.06706706706707
          ],
          [
            44.148457047539615,
            68.07807807807808
          ],
          [
            44.148457047539615,
            68.08908908908909
          ],
          [
            44.148457047539615,
            68.1001001001001
          ],
          [
            44.18348623853211,
            68.11111111111111
          ],
          [
            44.18348623853211,
            68.12212212212212
          ],
          [
            44.18348623853211,
            68.13313313313313
          ],
          [
            44.18348623853211,
            68.14414414414415
          ],
          [
            44.18348623853211,
            68.15515515515516
          ],
          [
            44.18348623853211,
            68.16616616616616
          ],
          [
            44.18348623853211,
            68.17717717717717
          ],
          [
            44.18348623853211,
            68.18818818818819
          ],
          [
            44.2185154295246,
            68.1991991991992
          ],
          [
            44.2185154295246,
            68.2102102102102
          ],
          [
            44.2185154295246,
            68.22122122122121
          ],
          [
            44.2185154295246,
            68.23223223223223
          ],
          [
            44.2185154295246,
            68.24324324324324
          ],
          [
            44.2185154295246,
            68.25425425425425
          ],
          [
            44.2185154295246,
            68.26526526526527
          ],
          [
            44.2185154295246,
            68.27627627627628
          ],
          [
            44.2185154295246,
            68.28728728728728
          ],
          [
            44.2185154295246,
            68.29829829829829
          ],
          [
            44.18348623853211,
            68.30930930930931
          ],
          [
            44.18348623853211,
            68.32032032032032
          ],
          [
            44.148457047539615,
            68.33133133133133
          ],
          [
            44.11342785654712,
            68.34234234234235
          ],
          [
            44.07839866555463,
            68.35335335335336
          ],
          [
            44.043369474562134,
            68.36436436436436
          ],
          [
            44.00834028356964,
            68.37537537537537
          ],
          [
            44.00834028356964,
            68.38638638638639
          ],
          [
            43.97331109257715,
            68.3973973973974
          ],
          [
            43.93828190158465,
            68.4084084084084
          ],
          [
            43.903252710592156,
            68.41941941941943
          ],
          [
            43.86822351959967,
            68.43043043043043
          ],
          [
            43.83319432860717,
            68.44144144144144
          ],
          [
            43.798165137614674,
            68.45245245245245
          ],
          [
            43.763135946622185,
            68.46346346346347
          ],
          [
            43.72810675562969,
            68.47447447447448
          ],
          [
            43.69307756463719,
            68.48548548548548
          ],
          [
            43.658048373644704,
            68.49649649649649
          ],
          [
            43.62301918265221,
            68.50750750750751
          ],
          [
            43.58798999165971,
            68.51851851851852
          ],
          [
            43.55296080066722,
            68.52952952952953
          ],
          [
            43.517931609674726,
            68.54054054054055
          ],
          [
            43.48290241868223,
            68.55155155155155
          ],
          [
            43.44787322768974,
            68.56256256256256
          ],
          [
            43.412844036697244,
            68.57357357357357
          ],
          [
            43.412844036697244,
            68.58458458458459
          ],
          [
            43.377814845704755,
            68.5955955955956
          ],
          [
            43.34278565471226,
            68.6066066066066
          ],
          [
            43.30775646371976,
            68.61761761761761
          ],
          [
            43.27272727272727,
            68.62862862862863
          ],
          [
            43.27272727272727,
            68.63963963963964
          ],
          [
            43.27272727272727,
            68.65065065065065
          ],
          [
            43.27272727272727,
            68.66166166166167
          ],
          [
            43.30775646371976,
            68.67267267267268
          ],
          [
            43.34278565471226,
            68.68368368368368
          ],
          [
            43.377814845704755,
            68.69469469469469
          ],
          [
            43.412844036697244,
            68.70570570570571
          ],
          [
            43.44787322768974,
            68.71671671671672
          ],
          [
            43.48290241868223,
            68.72772772772772
          ],
          [
            43.517931609674726,
            68.73873873873873
          ],
          [
            43.55296080066722,
            68.74974974974975
          ],
          [
            43.58798999165971,
            68.76076076076076
          ],
          [
            43.62301918265221,
            68.77177177177177
          ],
          [
            43.658048373644704,
            68.78278278278279
          ],
          [
            43.69307756463719,
            68.7937937937938
          ],
          [
            43.72810675562969,
            68.8048048048048
          ],
          [
            43.763135946622185,
            68.81581581581581
          ],
          [
            43.798165137614674,
            68.82682682682683
          ],
          [
            43.83319432860717,
            68.83783783783784
          ],
          [
            43.86822351959967,
            68.84884884884885
          ],
          [
            43.903252710592156,
            68.85985985985985
          ],
          [
            43.93828190158465,
            68.87087087087087
          ],
          [
            43.97331109257715,
            68.88188188188188
          ],
          [
            44.00834028356964,
            68.89289289289289
          ],
          [
            44.043369474562134,
            68.90390390390391
          ],
          [
            44.07839866555463,
            68.91491491491492
          ],
          [
            44.11342785654712,
            68.92592592592592
          ],
          [
            44.148457047539615,
            68.93693693693693
          ],
          [
            44.18348623853211,
            68.94794794794795
          ],
          [
            44.2185154295246,
            68.95895895895896
          ],
          [
            44.2535446205171,
            68.96996996996997
          ],
          [
            44.28857381150959,
            68.98098098098097
          ],
          [
            44.32360300250208,
            68.991991991992
          ],
          [
            44.35863219349458,
            69.003003003003
          ],
          [
            44.393661384487075,
            69.01401401401401
          ],
          [
            44.428690575479564,
            69.02502502502503
          ],
          [
            44.46371976647206,
            69.03603603603604
          ],
          [
            44.49874895746456,
            69.04704704704704
          ],
          [
            44.533778148457046,
            69.05805805805805
          ],
          [
            44.568807339449535,
            69.06906906906907
          ],
          [
            44.60383653044204,
            69.08008008008008
          ],
          [
            44.63886572143453,
            69.09109109109109
          ],
          [
            44.673894912427016,
            69.10210210210211
          ],
          [
            44.70892410341952,
            69.11311311311312
          ],
          [
            44.74395329441201,
            69.12412412412412
          ],
          [
            44.7789824854045,
            69.13513513513513
          ],
          [
            44.814011676396994,
            69.14614614614615
          ],
          [
            44.84904086738949,
            69.15715715715716
          ],
          [
            44.88407005838198,
            69.16816816816817
          ],
          [
            44.919099249374476,
            69.17917917917919
          ],
          [
            44.95412844036697,
            69.1901901901902
          ],
          [
            44.98915763135946,
            69.2012012012012
          ],
          [
            45.02418682235196,
            69.21221221221221
          ],
          [
            45.059216013344454,
            69.22322322322323
          ],
          [
            45.09424520433694,
            69.23423423423424
          ],
          [
            45.12927439532944,
            69.24524524524524
          ],
          [
            45.164303586321935,
            69.25625625625625
          ],
          [
            45.199332777314424,
            69.26726726726727
          ],
          [
            45.23436196830692,
            69.27827827827828
          ],
          [
            45.26939115929942,
            69.28928928928929
          ],
          [
            45.304420350291906,
            69.30030030030031
          ],
          [
            45.3394495412844,
            69.30030030030031
          ],
          [
            45.3744787322769,
            69.30030030030031
          ],
          [
            45.40950792326939,
            69.30030030030031
          ],
          [
            45.444537114261884,
            69.30030030030031
          ],
          [
            45.47956630525438,
            69.30030030030031
          ],
          [
            45.51459549624687,
            69.30030030030031
          ],
          [
            45.549624687239366,
            69.30030030030031
          ],
          [
            45.58465387823186,
            69.30030030030031
          ],
          [
            45.61968306922435,
            69.30030030030031
          ],
          [
            45.65471226021685,
            69.30030030030031
          ],
          [
            45.68974145120934,
            69.30030030030031
          ],
          [
            45.72477064220183,
            69.30030030030031
          ],
          [
            45.75979983319433,
            69.30030030030031
          ],
          [
            45.794829024186825,
            69.31131131131131
          ],
          [
            45.829858215179314,
            69.31131131131131
          ],
          [
            45.8648874061718,
            69.31131131131131
          ],
          [
            45.89991659716431,
            69.31131131131131
          ],
          [
            45.934945788156796,
            69.31131131131131
          ],
          [
            45.969974979149285,
            69.31131131131131
          ],
          [
            46.00500417014179,
            69.31131131131131
          ],
          [
            46.04003336113428,
            69.31131131131131
          ],
          [
            46.07506255212677,
            69.31131131131131
          ],
          [
            46.11009174311926,
            69.31131131131131
          ],
          [
            46.14512093411176,
            69.31131131131131
          ],
          [
            46.18015012510425,
            69.31131131131131
          ],
          [
            46.215179316096744,
            69.31131131131131
          ],
          [
            46.25020850708924,
            69.31131131131131
          ],
          [
            46.28523769808173,
            69.31131131131131
          ],
          [
            46.320266889074226,
            69.31131131131131
          ],
          [
            46.35529608006672,
            69.31131131131131
          ],
          [
            46.39032527105921,
            69.31131131131131
          ],
          [
            46.42535446205171,
            69.31131131131131
          ],
          [
            46.460383653044204,
            69.31131131131131
          ],
          [
            46.49541284403669,
            69.31131131131131
          ],
          [
            46.53044203502919,
            69.31131131131131
          ],
          [
            46.565471226021685,
            69.31131131131131
          ],
          [
            46.600500417014175,
            69.31131131131131
          ],
          [
            46.63552960800667,
            69.31131131131131
          ],
          [
            46.67055879899917,
            69.31131131131131
          ],
          [
            46.705587989991656,
            69.31131131131131
          ],
          [
            46.74061718098415,
            69.31131131131131
          ],
          [
            46.77564637197665,
            69.31131131131131
          ],
          [
            46.81067556296914,
            69.31131131131131
          ],
          [
            46.845704753961634,
            69.31131131131131
          ],
          [
            46.88073394495413,
            69.31131131131131
          ],
          [
            46.91576313594662,
            69.31131131131131
          ],
          [
            46.950792326939116,
            69.31131131131131
          ],
          [
            46.98582151793161,
            69.31131131131131
          ],
          [
            47.0208507089241,
            69.31131131131131
          ],
          [
            47.0558798999166,
            69.31131131131131
          ],
          [
            47.09090909090909,
            69.31131131131131
          ],
          [
            47.12593828190158,
            69.31131131131131
          ],
          [
            47.16096747289407,
            69.31131131131131
          ],
          [
            47.195996663886575,
            69.31131131131131
          ],
          [
            47.231025854879064,
            69.31131131131131
          ],
          [
            47.26605504587155,
            69.31131131131131
          ],
          [
            47.30108423686406,
            69.31131131131131
          ],
          [
            47.336113427856546,
            69.31131131131131
          ],
          [
            47.371142618849035,
            69.31131131131131
          ],
          [
            47.40617180984153,
            69.31131131131131
          ],
          [
            47.44120100083403,
            69.31131131131131
          ],
          [
            47.47623019182652,
            69.31131131131131
          ],
          [
            47.51125938281901,
            69.31131131131131
          ],
          [
            47.54628857381151,
            69.31131131131131
          ],
          [
            47.581317764804,
            69.31131131131131
          ],
          [
            47.616346955796494,
            69.31131131131131
          ],
          [
            47.65137614678899,
            69.31131131131131
          ],
          [
            47.68640533778148,
            69.31131131131131
          ],
          [
            47.721434528773976,
            69.31131131131131
          ],
          [
            47.75646371976647,
            69.31131131131131
          ],
          [
            47.79149291075896,
            69.31131131131131
          ],
          [
            47.82652210175146,
            69.31131131131131
          ],
          [
            47.861551292743954,
            69.32232232232232
          ],
          [
            47.89658048373644,
            69.32232232232232
          ],
          [
            47.93160967472894,
            69.32232232232232
          ],
          [
            47.966638865721436,
            69.32232232232232
          ],
          [
            48.001668056713925,
            69.32232232232232
          ],
          [
            48.03669724770642,
            69.32232232232232
          ],
          [
            48.07172643869892,
            69.32232232232232
          ],
          [
            48.106755629691406,
            69.32232232232232
          ],
          [
            48.1417848206839,
            69.32232232232232
          ],
          [
            48.1768140116764,
            69.32232232232232
          ],
          [
            48.21184320266889,
            69.32232232232232
          ],
          [
            48.246872393661384,
            69.32232232232232
          ],
          [
            48.28190158465388,
            69.32232232232232
          ],
          [
            48.31693077564637,
            69.32232232232232
          ],
          [
            48.35195996663886,
            69.32232232232232
          ],
          [
            48.38698915763136,
            69.33333333333333
          ],
          [
            48.38698915763136,
            69.34434434434435
          ],
          [
            48.38698915763136,
            69.35535535535536
          ],
          [
            48.42201834862385,
            69.36636636636636
          ],
          [
            48.45704753961634,
            69.37737737737737
          ],
          [
            48.492076730608844,
            69.38838838838839
          ],
          [
            48.52710592160133,
            69.3993993993994
          ],
          [
            48.52710592160133,
            69.4104104104104
          ],
          [
            48.56213511259382,
            69.42142142142143
          ],
          [
            48.597164303586325,
            69.43243243243244
          ],
          [
            48.632193494578814,
            69.44344344344344
          ],
          [
            48.6672226855713,
            69.45445445445445
          ],
          [
            48.7022518765638,
            69.46546546546547
          ],
          [
            48.737281067556296,
            69.47647647647648
          ],
          [
            48.772310258548785,
            69.48748748748748
          ],
          [
            48.80733944954128,
            69.49849849849849
          ],
          [
            48.84236864053378,
            69.50950950950951
          ],
          [
            48.87739783152627,
            69.50950950950951
          ],
          [
            48.91242702251876,
            69.50950950950951
          ],
          [
            48.94745621351126,
            69.52052052052052
          ],
          [
            48.98248540450375,
            69.52052052052052
          ],
          [
            49.017514595496245,
            69.52052052052052
          ],
          [
            49.05254378648874,
            69.52052052052052
          ],
          [
            49.08757297748123,
            69.52052052052052
          ],
          [
            49.122602168473726,
            69.52052052052052
          ],
          [
            49.15763135946622,
            69.52052052052052
          ],
          [
            49.19266055045871,
            69.52052052052052
          ],
          [
            49.22768974145121,
            69.52052052052052
          ],
          [
            49.262718932443704,
            69.50950950950951
          ],
          [
            49.29774812343619,
            69.50950950950951
          ],
          [
            49.33277731442869,
            69.49849849849849
          ],
          [
            49.367806505421186,
            69.49849849849849
          ],
          [
            49.402835696413675,
            69.49849849849849
          ],
          [
            49.43786488740617,
            69.49849849849849
          ],
          [
            49.47289407839867,
            69.49849849849849
          ],
          [
            49.507923269391156,
            69.49849849849849
          ],
          [
            49.54295246038365,
            69.49849849849849
          ],
          [
            49.57798165137615,
            69.49849849849849
          ],
          [
            49.61301084236864,
            69.49849849849849
          ],
          [
            49.64804003336113,
            69.49849849849849
          ],
          [
            49.68306922435363,
            69.49849849849849
          ],
          [
            49.71809841534612,
            69.49849849849849
          ],
          [
            49.75312760633861,
            69.49849849849849
          ],
          [
            49.78815679733111,
            69.49849849849849
          ],
          [
            49.8231859883236,
            69.49849849849849
          ],
          [
            49.85821517931609,
            69.49849849849849
          ],
          [
            49.893244370308594,
            69.49849849849849
          ],
          [
            49.92827356130108,
            69.49849849849849
          ],
          [
            49.96330275229357,
            69.49849849849849
          ],
          [
            49.99833194328607,
            69.49849849849849
          ],
          [
            50.033361134278564,
            69.49849849849849
          ],
          [
            50.068390325271054,
            69.48748748748748
          ],
          [
            50.10341951626355,
            69.48748748748748
          ],
          [
            50.138448707256046,
            69.48748748748748
          ],
          [
            50.173477898248535,
            69.48748748748748
          ],
          [
            50.20850708924103,
            69.48748748748748
          ],
          [
            50.24353628023353,
            69.48748748748748
          ],
          [
            50.27856547122602,
            69.48748748748748
          ],
          [
            50.31359466221851,
            69.48748748748748
          ],
          [
            50.34862385321101,
            69.48748748748748
          ],
          [
            50.3836530442035,
            69.48748748748748
          ],
          [
            50.418682235195995,
            69.48748748748748
          ],
          [
            50.45371142618849,
            69.48748748748748
          ],
          [
            50.48874061718098,
            69.48748748748748
          ],
          [
            50.523769808173476,
            69.48748748748748
          ],
          [
            50.55879899916597,
            69.48748748748748
          ],
          [
            50.59382819015846,
            69.48748748748748
          ],
          [
            50.62885738115096,
            69.48748748748748
          ],
          [
            50.663886572143454,
            69.48748748748748
          ],
          [
            50.69891576313594,
            69.48748748748748
          ],
          [
            50.73394495412844,
            69.48748748748748
          ],
          [
            50.768974145120936,
            69.48748748748748
          ],
          [
            50.804003336113425,
            69.48748748748748
          ],
          [
            50.83903252710592,
            69.48748748748748
          ],
          [
            50.87406171809842,
            69.48748748748748
          ],
          [
            50.90909090909091,
            69.48748748748748
          ],
          [
            50.944120100083396,
            69.48748748748748
          ],
          [
            50.9791492910759,
            69.48748748748748
          ],
          [
            51.01417848206839,
            69.48748748748748
          ],
          [
            51.04920767306088,
            69.48748748748748
          ],
          [
            51.08423686405338,
            69.48748748748748
          ],
          [
            51.11926605504587,
            69.48748748748748
          ],
          [
            51.15429524603836,
            69.48748748748748
          ],
          [
            51.18932443703086,
            69.48748748748748
          ],
          [
            51.22435362802335,
            69.48748748748748
          ],
          [
            51.25938281901584,
            69.48748748748748
          ],
          [
            51.29441201000834,
            69.48748748748748
          ],
          [
            51.32944120100083,
            69.48748748748748
          ],
          [
            51.36447039199332,
            69.48748748748748
          ],
          [
            51.39949958298582,
            69.48748748748748
          ],
          [
            51.434528773978315,
            69.48748748748748
          ],
          [
            51.469557964970804,
            69.48748748748748
          ],
          [
            51.5045871559633,
            69.48748748748748
          ],
          [
            51.539616346955796,
            69.48748748748748
          ],
          [
            51.574645537948285,
            69.48748748748748
          ],
          [
            51.60967472894078,
            69.48748748748748
          ],
          [
            51.64470391993328,
            69.48748748748748
          ],
          [
            51.67973311092577,
            69.48748748748748
          ],
          [
            51.71476230191826,
            69.48748748748748
          ],
          [
            51.74979149291076,
            69.48748748748748
          ],
          [
            51.78482068390325,
            69.48748748748748
          ],
          [
            51.819849874895745,
            69.48748748748748
          ],
          [
            51.85487906588824,
            69.48748748748748
          ],
          [
            51.88990825688073,
            69.48748748748748
          ],
          [
            51.924937447873226,
            69.48748748748748
          ],
          [
            51.95996663886572,
            69.48748748748748
          ],
          [
            51.99499582985821,
            69.48748748748748
          ],
          [
            52.03002502085071,
            69.48748748748748
          ],
          [
            52.065054211843204,
            69.48748748748748
          ],
          [
            52.10008340283569,
            69.48748748748748
          ],
          [
            52.13511259382819,
            69.48748748748748
          ],
          [
            52.170141784820686,
            69.47647647647648
          ],
          [
            52.205170975813175,
            69.47647647647648
          ],
          [
            52.240200166805664,
            69.47647647647648
          ],
          [
            52.27522935779817,
            69.47647647647648
          ],
          [
            52.31025854879066,
            69.47647647647648
          ],
          [
            52.345287739783146,
            69.47647647647648
          ],
          [
            52.38031693077565,
            69.47647647647648
          ],
          [
            52.41534612176814,
            69.47647647647648
          ],
          [
            52.45037531276063,
            69.47647647647648
          ],
          [
            52.48540450375313,
            69.47647647647648
          ],
          [
            52.52043369474562,
            69.47647647647648
          ],
          [
            52.55546288573811,
            69.47647647647648
          ],
          [
            52.590492076730605,
            69.47647647647648
          ],
          [
            52.6255212677231,
            69.47647647647648
          ],
          [
            52.66055045871559,
            69.47647647647648
          ],
          [
            52.69557964970809,
            69.47647647647648
          ],
          [
            52.73060884070058,
            69.47647647647648
          ],
          [
            52.76563803169307,
            69.47647647647648
          ],
          [
            52.80066722268557,
            69.47647647647648
          ],
          [
            52.835696413678065,
            69.47647647647648
          ],
          [
            52.870725604670554,
            69.47647647647648
          ],
          [
            52.90575479566305,
            69.47647647647648
          ],
          [
            52.940783986655546,
            69.47647647647648
          ],
          [
            52.975813177648035,
            69.47647647647648
          ],
          [
            53.01084236864053,
            69.47647647647648
          ],
          [
            53.04587155963303,
            69.47647647647648
          ],
          [
            53.08090075062552,
            69.47647647647648
          ],
          [
            53.11592994161801,
            69.47647647647648
          ],
          [
            53.15095913261051,
            69.47647647647648
          ],
          [
            53.185988323603,
            69.47647647647648
          ],
          [
            53.221017514595495,
            69.47647647647648
          ],
          [
            53.25604670558799,
            69.47647647647648
          ],
          [
            53.29107589658048,
            69.47647647647648
          ],
          [
            53.32610508757298,
            69.47647647647648
          ],
          [
            53.36113427856547,
            69.47647647647648
          ],
          [
            53.39616346955796,
            69.47647647647648
          ],
          [
            53.43119266055046,
            69.47647647647648
          ],
          [
            53.466221851542954,
            69.47647647647648
          ],
          [
            53.50125104253544,
            69.47647647647648
          ],
          [
            53.53628023352793,
            69.47647647647648
          ],
          [
            53.571309424520436,
            69.47647647647648
          ],
          [
            53.606338615512925,
            69.47647647647648
          ],
          [
            53.641367806505414,
            69.47647647647648
          ],
          [
            53.67639699749792,
            69.47647647647648
          ],
          [
            53.71142618849041,
            69.47647647647648
          ],
          [
            53.746455379482896,
            69.47647647647648
          ],
          [
            53.78148457047539,
            69.47647647647648
          ],
          [
            53.81651376146789,
            69.47647647647648
          ],
          [
            53.85154295246038,
            69.47647647647648
          ],
          [
            53.886572143452874,
            69.47647647647648
          ],
          [
            53.92160133444537,
            69.47647647647648
          ],
          [
            53.95663052543786,
            69.47647647647648
          ],
          [
            53.991659716430355,
            69.47647647647648
          ],
          [
            54.02668890742285,
            69.47647647647648
          ],
          [
            54.06171809841534,
            69.47647647647648
          ],
          [
            54.09674728940784,
            69.47647647647648
          ],
          [
            54.13177648040033,
            69.47647647647648
          ],
          [
            54.16680567139282,
            69.47647647647648
          ],
          [
            54.20183486238532,
            69.47647647647648
          ],
          [
            54.236864053377815,
            69.46546546546547
          ],
          [
            54.271893244370304,
            69.46546546546547
          ],
          [
            54.3069224353628,
            69.46546546546547
          ],
          [
            54.341951626355296,
            69.46546546546547
          ],
          [
            54.376980817347786,
            69.46546546546547
          ],
          [
            54.41201000834028,
            69.46546546546547
          ],
          [
            54.44703919933278,
            69.46546546546547
          ],
          [
            54.48206839032527,
            69.46546546546547
          ],
          [
            54.51709758131776,
            69.46546546546547
          ],
          [
            54.55212677231026,
            69.46546546546547
          ],
          [
            54.58715596330275,
            69.46546546546547
          ],
          [
            54.622185154295245,
            69.46546546546547
          ],
          [
            54.65721434528774,
            69.46546546546547
          ],
          [
            54.69224353628023,
            69.46546546546547
          ],
          [
            54.72727272727273,
            69.46546546546547
          ],
          [
            54.76230191826522,
            69.46546546546547
          ],
          [
            54.79733110925771,
            69.46546546546547
          ],
          [
            54.8323603002502,
            69.46546546546547
          ],
          [
            54.867389491242704,
            69.46546546546547
          ],
          [
            54.902418682235194,
            69.46546546546547
          ],
          [
            54.93744787322768,
            69.46546546546547
          ],
          [
            54.972477064220186,
            69.46546546546547
          ],
          [
            55.007506255212675,
            69.46546546546547
          ],
          [
            55.042535446205164,
            69.46546546546547
          ],
          [
            55.07756463719766,
            69.46546546546547
          ],
          [
            55.11259382819016,
            69.46546546546547
          ],
          [
            55.147623019182646,
            69.46546546546547
          ],
          [
            55.18265221017514,
            69.46546546546547
          ],
          [
            55.21768140116764,
            69.46546546546547
          ],
          [
            55.25271059216013,
            69.46546546546547
          ],
          [
            55.287739783152624,
            69.46546546546547
          ],
          [
            55.32276897414512,
            69.46546546546547
          ],
          [
            55.35779816513761,
            69.46546546546547
          ],
          [
            55.392827356130105,
            69.46546546546547
          ],
          [
            55.4278565471226,
            69.46546546546547
          ],
          [
            55.46288573811509,
            69.46546546546547
          ],
          [
            55.49791492910759,
            69.46546546546547
          ],
          [
            55.53294412010008,
            69.46546546546547
          ],
          [
            55.56797331109257,
            69.46546546546547
          ],
          [
            55.60300250208507,
            69.46546546546547
          ],
          [
            55.638031693077565,
            69.46546546546547
          ],
          [
            55.673060884070054,
            69.46546546546547
          ],
          [
            55.70809007506255,
            69.46546546546547
          ],
          [
            55.74311926605505,
            69.46546546546547
          ],
          [
            55.778148457047536,
            69.46546546546547
          ],
          [
            55.81317764804003,
            69.46546546546547
          ],
          [
            55.84820683903253,
            69.46546546546547
          ],
          [
            55.88323603002502,
            69.46546546546547
          ],
          [
            55.91826522101751,
            69.46546546546547
          ],
          [
            55.95329441201001,
            69.46546546546547
          ],
          [
            55.9883236030025,
            69.46546546546547
          ],
          [
            56.023352793994995,
            69.46546546546547
          ],
          [
            56.05838198498749,
            69.46546546546547
          ],
          [
            56.09341117597998,
            69.46546546546547
          ],
          [
            56.12844036697247,
            69.46546546546547
          ],
          [
            56.16346955796497,
            69.46546546546547
          ],
          [
            56.19849874895746,
            69.46546546546547
          ],
          [
            56.23352793994995,
            69.46546546546547
          ],
          [
            56.268557130942455,
            69.46546546546547
          ],
          [
            56.303586321934944,
            69.45445445445445
          ],
          [
            56.33861551292743,
            69.45445445445445
          ],
          [
            56.37364470391993,
            69.45445445445445
          ],
          [
            56.408673894912425,
            69.45445445445445
          ],
          [
            56.443703085904914,
            69.45445445445445
          ],
          [
            56.47873227689741,
            69.45445445445445
          ],
          [
            56.51376146788991,
            69.45445445445445
          ],
          [
            56.548790658882396,
            69.45445445445445
          ],
          [
            56.58381984987489,
            69.45445445445445
          ],
          [
            56.61884904086739,
            69.45445445445445
          ],
          [
            56.65387823185988,
            69.45445445445445
          ],
          [
            56.688907422852374,
            69.45445445445445
          ],
          [
            56.72393661384487,
            69.45445445445445
          ],
          [
            56.75896580483736,
            69.45445445445445
          ],
          [
            56.793994995829856,
            69.45445445445445
          ],
          [
            56.82902418682235,
            69.45445445445445
          ],
          [
            56.86405337781484,
            69.45445445445445
          ],
          [
            56.89908256880734,
            69.45445445445445
          ],
          [
            56.93411175979983,
            69.45445445445445
          ],
          [
            56.96914095079232,
            69.45445445445445
          ],
          [
            57.00417014178482,
            69.45445445445445
          ],
          [
            57.039199332777315,
            69.45445445445445
          ],
          [
            57.074228523769804,
            69.45445445445445
          ],
          [
            57.1092577147623,
            69.45445445445445
          ],
          [
            57.1442869057548,
            69.45445445445445
          ],
          [
            57.179316096747286,
            69.45445445445445
          ],
          [
            57.21434528773978,
            69.45445445445445
          ],
          [
            57.24937447873228,
            69.45445445445445
          ],
          [
            57.28440366972477,
            69.45445445445445
          ],
          [
            57.31943286071726,
            69.45445445445445
          ],
          [
            57.35446205170976,
            69.45445445445445
          ],
          [
            57.38949124270225,
            69.45445445445445
          ],
          [
            57.42452043369474,
            69.45445445445445
          ],
          [
            57.45954962468724,
            69.45445445445445
          ],
          [
            57.49457881567973,
            69.45445445445445
          ],
          [
            57.52960800667222,
            69.45445445445445
          ],
          [
            57.56463719766472,
            69.45445445445445
          ],
          [
            57.59966638865721,
            69.45445445445445
          ],
          [
            57.6346955796497,
            69.45445445445445
          ],
          [
            57.6697247706422,
            69.45445445445445
          ],
          [
            57.704753961634694,
            69.45445445445445
          ],
          [
            57.73978315262718,
            69.45445445445445
          ],
          [
            57.77481234361968,
            69.45445445445445
          ],
          [
            57.809841534612175,
            69.45445445445445
          ],
          [
            57.844870725604665,
            69.45445445445445
          ],
          [
            57.87989991659716,
            69.45445445445445
          ],
          [
            57.91492910758966,
            69.45445445445445
          ],
          [
            57.949958298582146,
            69.45445445445445
          ],
          [
            57.98498748957464,
            69.45445445445445
          ],
          [
            58.02001668056714,
            69.45445445445445
          ],
          [
            58.05504587155963,
            69.45445445445445
          ],
          [
            58.090075062552124,
            69.45445445445445
          ],
          [
            58.12510425354462,
            69.45445445445445
          ],
          [
            58.16013344453711,
            69.45445445445445
          ],
          [
            58.195162635529606,
            69.45445445445445
          ],
          [
            58.2301918265221,
            69.45445445445445
          ],
          [
            58.26522101751459,
            69.45445445445445
          ],
          [
            58.30025020850709,
            69.45445445445445
          ],
          [
            58.33527939949958,
            69.45445445445445
          ],
          [
            58.37030859049207,
            69.44344344344344
          ],
          [
            58.40533778148457,
            69.45445445445445
          ],
          [
            58.40533778148457,
            69.46546546546547
          ],
          [
            58.40533778148457,
            69.47647647647648
          ],
          [
            58.40533778148457,
            69.48748748748748
          ],
          [
            58.40533778148457,
            69.49849849849849
          ],
          [
            58.40533778148457,
            69.50950950950951
          ],
          [
            58.40533778148457,
            69.52052052052052
          ],
          [
            58.40533778148457,
            69.53153153153153
          ],
          [
            58.40533778148457,
            69.54254254254255
          ],
          [
            58.40533778148457,
            69.55355355355356
          ],
          [
            58.40533778148457,
            69.56456456456456
          ],
          [
            58.40533778148457,
            69.57557557557557
          ],
          [
            58.40533778148457,
            69.58658658658659
          ],
          [
            58.40533778148457,
            69.5975975975976
          ],
          [
            58.40533778148457,
            69.6086086086086
          ],
          [
            58.40533778148457,
            69.61961961961961
          ],
          [
            58.40533778148457,
            69.63063063063063
          ],
          [
            58.40533778148457,
            69.64164164164164
          ],
          [
            58.40533778148457,
            69.65265265265265
          ],
          [
            58.40533778148457,
            69.66366366366367
          ],
          [
            58.40533778148457,
            69.67467467467468
          ],
          [
            58.40533778148457,
            69.68568568568568
          ],
          [
            58.40533778148457,
            69.69669669669669
          ],
          [
            58.40533778148457,
            69.70770770770771
          ],
          [
            58.40533778148457,
            69.71871871871872
          ],
          [
            58.40533778148457,
            69.72972972972973
          ],
          [
            58.40533778148457,
            69.74074074074073
          ],
          [
            58.40533778148457,
            69.75175175175175
          ],
          [
            58.40533778148457,
            69.76276276276276
          ],
          [
            58.40533778148457,
            69.77377377377377
          ],
          [
            58.40533778148457,
            69.78478478478479
          ],
          [
            58.40533778148457,
            69.7957957957958
          ],
          [
            58.40533778148457,
            69.8068068068068
          ],
          [
            58.40533778148457,
            69.81781781781781
          ],
          [
            58.40533778148457,
            69.82882882882883
          ],
          [
            58.40533778148457,
            69.83983983983984
          ],
          [
            58.40533778148457,
            69.85085085085085
          ],
          [
            58.40533778148457,
            69.86186186186187
          ],
          [
            58.40533778148457,
            69.87287287287288
          ],
          [
            58.40533778148457,
            69.88388388388388
          ],
          [
            58.40533778148457,
            69.89489489489489
          ],
          [
            58.40533778148457,
            69.90590590590591
          ],
          [
            58.40533778148457,
            69.91691691691692
          ],
          [
            58.40533778148457,
            69.92792792792793
          ],
          [
            58.40533778148457,
            69.93893893893893
          ],
          [
            58.40533778148457,
            69.94994994994995
          ],
          [
            58.40533778148457,
            69.96096096096096
          ],
          [
            58.40533778148457,
            69.97197197197197
          ],
          [
            58.40533778148457,
            69.98298298298299
          ],
          [
            58.40533778148457,
            69.993993993994
          ],
          [
            58.40533778148457,
            70.005005005005
          ],
          [
            58.40533778148457,
            70.01601601601601
          ],
          [
            58.40533778148457,
            70.02702702702703
          ],
          [
            58.40533778148457,
            70.03803803803804
          ],
          [
            58.40533778148457,
            70.04904904904905
          ],
          [
            58.40533778148457,
            70.06006006006007
          ],
          [
            58.40533778148457,
            70.07107107107107
          ],
          [
            58.40533778148457,
            70.08208208208208
          ],
          [
            58.40533778148457,
            70.09309309309309
          ],
          [
            58.40533778148457,
            70.10410410410411
          ],
          [
            58.40533778148457,
            70.11511511511512
          ],
          [
            58.40533778148457,
            70.12612612612612
          ],
          [
            58.40533778148457,
            70.13713713713713
          ],
          [
            58.40533778148457,
            70.14814814814815
          ],
          [
            58.40533778148457,
            70.15915915915916
          ],
          [
            58.40533778148457,
            70.17017017017017
          ],
          [
            58.40533778148457,
            70.18118118118119
          ],
          [
            58.40533778148457,
            70.1921921921922
          ],
          [
            58.40533778148457,
            70.2032032032032
          ],
          [
            58.40533778148457,
            70.21421421421421
          ],
          [
            58.40533778148457,
            70.22522522522523
          ],
          [
            58.40533778148457,
            70.23623623623624
          ],
          [
            58.40533778148457,
            70.24724724724724
          ],
          [
            58.40533778148457,
            70.25825825825825
          ],
          [
            58.40533778148457,
            70.26926926926927
          ],
          [
            58.440366972477065,
            70.28028028028028
          ],
          [
            58.475396163469554,
            70.29129129129129
          ],
          [
            58.475396163469554,
            70.30230230230231
          ],
          [
            58.475396163469554,
            70.31331331331332
          ],
          [
            58.475396163469554,
            70.32432432432432
          ],
          [
            58.475396163469554,
            70.33533533533533
          ],
          [
            58.51042535446205,
            70.34634634634635
          ],
          [
            58.54545454545455,
            70.35735735735736
          ],
          [
            58.580483736447036,
            70.34634634634635
          ],
          [
            58.615512927439525,
            70.34634634634635
          ],
          [
            58.65054211843203,
            70.35735735735736
          ],
          [
            58.68557130942452,
            70.36836836836837
          ],
          [
            58.72060050041701,
            70.37937937937937
          ],
          [
            58.72060050041701,
            70.3903903903904
          ],
          [
            58.72060050041701,
            70.4014014014014
          ],
          [
            58.72060050041701,
            70.41241241241241
          ],
          [
            58.72060050041701,
            70.42342342342343
          ],
          [
            58.75562969140951,
            70.43443443443444
          ],
          [
            58.790658882402,
            70.44544544544544
          ],
          [
            58.82568807339449,
            70.44544544544544
          ],
          [
            58.86071726438699,
            70.44544544544544
          ],
          [
            58.89574645537948,
            70.44544544544544
          ],
          [
            58.93077564637197,
            70.45645645645645
          ],
          [
            58.965804837364466,
            70.46746746746747
          ],
          [
            59.00083402835696,
            70.47847847847848
          ],
          [
            59.03586321934945,
            70.47847847847848
          ],
          [
            59.07089241034195,
            70.46746746746747
          ],
          [
            59.105921601334444,
            70.45645645645645
          ],
          [
            59.14095079232693,
            70.44544544544544
          ],
          [
            59.17597998331943,
            70.43443443443444
          ],
          [
            59.211009174311926,
            70.42342342342343
          ],
          [
            59.246038365304415,
            70.41241241241241
          ],
          [
            59.28106755629691,
            70.4014014014014
          ],
          [
            59.31609674728941,
            70.3903903903904
          ],
          [
            59.351125938281896,
            70.37937937937937
          ],
          [
            59.38615512927439,
            70.36836836836837
          ],
          [
            59.42118432026689,
            70.35735735735736
          ],
          [
            59.45621351125938,
            70.34634634634635
          ],
          [
            59.491242702251874,
            70.33533533533533
          ],
          [
            59.52627189324437,
            70.32432432432432
          ],
          [
            59.56130108423686,
            70.31331331331332
          ],
          [
            59.596330275229356,
            70.30230230230231
          ],
          [
            59.63135946622185,
            70.29129129129129
          ],
          [
            59.66638865721434,
            70.28028028028028
          ],
          [
            59.70141784820684,
            70.26926926926927
          ],
          [
            59.736447039199334,
            70.25825825825825
          ],
          [
            59.77147623019182,
            70.24724724724724
          ],
          [
            59.80650542118432,
            70.23623623623624
          ],
          [
            59.841534612176815,
            70.22522522522523
          ],
          [
            59.876563803169304,
            70.21421421421421
          ],
          [
            59.91159299416179,
            70.2032032032032
          ],
          [
            59.9466221851543,
            70.1921921921922
          ],
          [
            59.981651376146786,
            70.18118118118119
          ],
          [
            60.01668056713928,
            70.17017017017017
          ],
          [
            60.05170975813177,
            70.15915915915916
          ],
          [
            60.08673894912427,
            70.14814814814815
          ],
          [
            60.121768140116764,
            70.13713713713713
          ],
          [
            60.15679733110925,
            70.12612612612612
          ],
          [
            60.19182652210175,
            70.11511511511512
          ],
          [
            60.226855713094245,
            70.10410410410411
          ],
          [
            60.261884904086735,
            70.09309309309309
          ],
          [
            60.29691409507923,
            70.08208208208208
          ],
          [
            60.33194328607173,
            70.07107107107107
          ],
          [
            60.366972477064216,
            70.06006006006007
          ],
          [
            60.40200166805671,
            70.04904904904905
          ],
          [
            60.4370308590492,
            70.03803803803804
          ],
          [
            60.4720600500417,
            70.02702702702703
          ],
          [
            60.507089241034194,
            70.01601601601601
          ],
          [
            60.54211843202668,
            70.005005005005
          ],
          [
            60.57714762301918,
            69.993993993994
          ],
          [
            60.612176814011676,
            69.98298298298299
          ],
          [
            60.647206005004165,
            69.97197197197197
          ],
          [
            60.68223519599666,
            69.96096096096096
          ],
          [
            60.71726438698916,
            69.94994994994995
          ],
          [
            60.752293577981646,
            69.94994994994995
          ],
          [
            60.78732276897414,
            69.94994994994995
          ],
          [
            60.82235195996664,
            69.94994994994995
          ],
          [
            60.85738115095913,
            69.94994994994995
          ],
          [
            60.892410341951624,
            69.94994994994995
          ],
          [
            60.92743953294412,
            69.94994994994995
          ],
          [
            60.96246872393661,
            69.94994994994995
          ],
          [
            60.997497914929106,
            69.94994994994995
          ],
          [
            61.032527105921595,
            69.94994994994995
          ],
          [
            61.06755629691409,
            69.94994994994995
          ],
          [
            61.10258548790659,
            69.94994994994995
          ],
          [
            61.13761467889908,
            69.94994994994995
          ],
          [
            61.17264386989157,
            69.94994994994995
          ],
          [
            61.20767306088407,
            69.94994994994995
          ],
          [
            61.24270225187656,
            69.93893893893893
          ],
          [
            61.277731442869054,
            69.92792792792793
          ],
          [
            61.31276063386155,
            69.91691691691692
          ],
          [
            61.34778982485404,
            69.90590590590591
          ],
          [
            61.382819015846536,
            69.89489489489489
          ],
          [
            61.41784820683903,
            69.88388388388388
          ],
          [
            61.45287739783152,
            69.87287287287288
          ],
          [
            61.48790658882402,
            69.86186186186187
          ],
          [
            61.522935779816514,
            69.85085085085085
          ],
          [
            61.557964970809,
            69.83983983983984
          ],
          [
            61.5929941618015,
            69.82882882882883
          ],
          [
            61.62802335279399,
            69.81781781781781
          ],
          [
            61.663052543786485,
            69.8068068068068
          ],
          [
            61.69808173477898,
            69.7957957957958
          ],
          [
            61.73311092577147,
            69.78478478478479
          ],
          [
            61.768140116763966,
            69.77377377377377
          ],
          [
            61.80316930775646,
            69.76276276276276
          ],
          [
            61.83819849874895,
            69.76276276276276
          ],
          [
            61.87322768974145,
            69.76276276276276
          ],
          [
            61.908256880733944,
            69.76276276276276
          ],
          [
            61.94328607172643,
            69.76276276276276
          ],
          [
            61.97831526271893,
            69.76276276276276
          ],
          [
            62.013344453711426,
            69.76276276276276
          ],
          [
            62.048373644703915,
            69.75175175175175
          ],
          [
            62.08340283569641,
            69.75175175175175
          ],
          [
            62.11843202668891,
            69.75175175175175
          ],
          [
            62.1534612176814,
            69.75175175175175
          ],
          [
            62.18849040867389,
            69.75175175175175
          ],
          [
            62.22351959966639,
            69.75175175175175
          ],
          [
            62.25854879065888,
            69.75175175175175
          ],
          [
            62.293577981651374,
            69.75175175175175
          ],
          [
            62.32860717264386,
            69.75175175175175
          ],
          [
            62.36363636363636,
            69.75175175175175
          ],
          [
            62.398665554628856,
            69.75175175175175
          ],
          [
            62.433694745621345,
            69.75175175175175
          ],
          [
            62.46872393661384,
            69.75175175175175
          ],
          [
            62.50375312760634,
            69.75175175175175
          ],
          [
            62.53878231859883,
            69.75175175175175
          ],
          [
            62.57381150959132,
            69.75175175175175
          ],
          [
            62.60884070058382,
            69.75175175175175
          ],
          [
            62.64386989157631,
            69.75175175175175
          ],
          [
            62.678899082568805,
            69.74074074074073
          ],
          [
            62.7139282735613,
            69.74074074074073
          ],
          [
            62.74895746455379,
            69.74074074074073
          ],
          [
            62.783986655546286,
            69.72972972972973
          ],
          [
            62.81901584653878,
            69.72972972972973
          ],
          [
            62.85404503753127,
            69.72972972972973
          ],
          [
            62.88907422852377,
            69.71871871871872
          ],
          [
            62.92410341951626,
            69.71871871871872
          ],
          [
            62.95913261050875,
            69.71871871871872
          ],
          [
            62.99416180150125,
            69.70770770770771
          ],
          [
            63.02919099249374,
            69.70770770770771
          ],
          [
            63.064220183486235,
            69.70770770770771
          ],
          [
            63.09924937447873,
            69.69669669669669
          ],
          [
            63.13427856547122,
            69.69669669669669
          ],
          [
            63.169307756463716,
            69.69669669669669
          ],
          [
            63.20433694745621,
            69.68568568568568
          ],
          [
            63.2393661384487,
            69.68568568568568
          ],
          [
            63.2743953294412,
            69.68568568568568
          ],
          [
            63.309424520433694,
            69.68568568568568
          ],
          [
            63.34445371142618,
            69.68568568568568
          ],
          [
            63.37948290241868,
            69.67467467467468
          ],
          [
            63.414512093411176,
            69.67467467467468
          ],
          [
            63.449541284403665,
            69.67467467467468
          ],
          [
            63.48457047539616,
            69.66366366366367
          ],
          [
            63.51959966638866,
            69.65265265265265
          ],
          [
            63.55462885738115,
            69.65265265265265
          ],
          [
            63.58965804837364,
            69.64164164164164
          ],
          [
            63.62468723936613,
            69.63063063063063
          ],
          [
            63.65971643035863,
            69.63063063063063
          ],
          [
            63.694745621351124,
            69.61961961961961
          ],
          [
            63.729774812343614,
            69.61961961961961
          ],
          [
            63.76480400333611,
            69.6086086086086
          ],
          [
            63.799833194328606,
            69.5975975975976
          ],
          [
            63.834862385321095,
            69.5975975975976
          ],
          [
            63.86989157631359,
            69.58658658658659
          ],
          [
            63.90492076730609,
            69.58658658658659
          ],
          [
            63.93994995829858,
            69.58658658658659
          ],
          [
            63.97497914929107,
            69.57557557557557
          ],
          [
            64.01000834028358,
            69.57557557557557
          ],
          [
            64.04503753127605,
            69.56456456456456
          ],
          [
            64.08006672226855,
            69.56456456456456
          ],
          [
            64.11509591326106,
            69.55355355355356
          ],
          [
            64.15012510425353,
            69.55355355355356
          ],
          [
            64.18515429524604,
            69.54254254254255
          ],
          [
            64.22018348623853,
            69.53153153153153
          ],
          [
            64.25521267723101,
            69.52052052052052
          ],
          [
            64.29024186822352,
            69.50950950950951
          ],
          [
            64.325271059216,
            69.49849849849849
          ],
          [
            64.3603002502085,
            69.49849849849849
          ],
          [
            64.395329441201,
            69.48748748748748
          ],
          [
            64.43035863219349,
            69.47647647647648
          ],
          [
            64.46538782318598,
            69.47647647647648
          ],
          [
            64.50041701417848,
            69.46546546546547
          ],
          [
            64.53544620517097,
            69.45445445445445
          ],
          [
            64.57047539616346,
            69.44344344344344
          ],
          [
            64.60550458715596,
            69.43243243243244
          ],
          [
            64.64053377814845,
            69.42142142142143
          ],
          [
            64.67556296914094,
            69.4104104104104
          ],
          [
            64.71059216013344,
            69.4104104104104
          ],
          [
            64.74562135112593,
            69.4104104104104
          ],
          [
            64.78065054211842,
            69.4104104104104
          ],
          [
            64.81567973311093,
            69.4104104104104
          ],
          [
            64.85070892410342,
            69.4104104104104
          ],
          [
            64.8857381150959,
            69.4104104104104
          ],
          [
            64.92076730608841,
            69.4104104104104
          ],
          [
            64.9557964970809,
            69.4104104104104
          ],
          [
            64.99082568807339,
            69.4104104104104
          ],
          [
            65.02585487906589,
            69.4104104104104
          ],
          [
            65.06088407005838,
            69.4104104104104
          ],
          [
            65.09591326105087,
            69.4104104104104
          ],
          [
            65.13094245204337,
            69.4104104104104
          ],
          [
            65.16597164303586,
            69.4104104104104
          ],
          [
            65.20100083402835,
            69.4104104104104
          ],
          [
            65.23603002502085,
            69.4104104104104
          ],
          [
            65.27105921601334,
            69.4104104104104
          ],
          [
            65.30608840700583,
            69.4104104104104
          ],
          [
            65.34111759799833,
            69.4104104104104
          ],
          [
            65.37614678899082,
            69.4104104104104
          ],
          [
            65.41117597998331,
            69.4104104104104
          ],
          [
            65.44620517097582,
            69.4104104104104
          ],
          [
            65.4812343619683,
            69.4104104104104
          ],
          [
            65.5162635529608,
            69.4104104104104
          ],
          [
            65.5512927439533,
            69.4104104104104
          ],
          [
            65.58632193494579,
            69.4104104104104
          ],
          [
            65.62135112593828,
            69.4104104104104
          ]
        ]
      },
      "properties": {
        "name": "Маршрут Мурманск-Архангельск",
        "description": "Оптимальный морской маршрут через Баренцево и Белое моря",
        "vessel_route": true
      }
    }
  ]
}